be1;1000;Brussel;Belgium
be2;1000;Bruxelles;Belgium
be4;1005;Brusselse Hoofdstedelijke Raad;Belgium
be5;1005;Conseil Region Bruxelles-Capitale;Belgium
be6;1005;Ver.Verg.Gemeensch.Gemeensch.Comm.;Belgium
be7;1006;Raad Vlaamse Gemeenschapscommissie;Belgium
be8;1007;Ass. Commiss. Communau. française;Belgium
be9;1008;Chambre des Représentants;Belgium
be10;1008;Kamer van Volksvertegenwoordigers;Belgium
be11;1009;Belgische Senaat;Belgium
be12;1009;Senat de Belgique;Belgium
be13;1010;Cité Administrative de l'Etat;Belgium
be14;1010;Rijksadministratief Centrum;Belgium
be15;1011;Vlaamse Raad - Vlaams Parlement;Belgium
be16;1012;Parlement de la Communauté française;Belgium
be17;1020;Brussel (Laken);Belgium
be18;1020;Bruxelles (Laeken);Belgium
be19;1020;Laeken (Bruxelles);Belgium
be20;1020;Laken (Brussel);Belgium
be21;1030;Brussel (Schaarbeek);Belgium
be22;1030;Bruxelles (Schaerbeek);Belgium
be23;1030;Schaarbeek;Belgium
be24;1030;Schaerbeek;Belgium
be25;1031;Christelijke Sociale Organisaties;Belgium
be26;1031;Organisations Sociales Chrétiennes;Belgium
be27;1040;Brussel (Etterbeek);Belgium
be28;1040;Bruxelles (Etterbeek);Belgium
be29;1040;Etterbeek;Belgium
be30;1041;International Press Center;Belgium
be31;1043;VRT;Belgium
be32;1044;RTBF;Belgium
be33;1045;D.I.V.;Belgium
be34;1047;Europees Parlement;Belgium
be35;1047;Parlement Européen;Belgium
be36;1048;E.U.-Raad;Belgium
be37;1048;U.E.-Conseil;Belgium
be38;1049;E.U.-Commissie;Belgium
be39;1049;U.E.-Commission;Belgium
be40;1050;Brussel (Elsene);Belgium
be41;1050;Bruxelles (Ixelles);Belgium
be42;1050;Elsene;Belgium
be43;1050;Ixelles;Belgium
be44;1060;Brussel (Sint-Gillis);Belgium
be45;1060;Bruxelles (Saint-Gilles);Belgium
be46;1060;Saint-Gilles;Belgium
be47;1060;Sint-Gillis;Belgium
be48;1070;Anderlecht;Belgium
be49;1070;Brussel (Anderlecht);Belgium
be50;1070;Bruxelles (Anderlecht);Belgium
be51;1080;Brussel (Sint-Jans-Molenbeek);Belgium
be52;1080;Bruxelles (Molenbeek-Saint-Jean);Belgium
be53;1080;Molenbeek-Saint-Jean;Belgium
be54;1080;Sint-Jans-Molenbeek;Belgium
be55;1081;Brussel (Koekelberg);Belgium
be56;1081;Bruxelles (Koekelberg);Belgium
be57;1081;Koekelberg;Belgium
be58;1082;Berchem-Sainte-Agathe;Belgium
be59;1082;Brussel (Sint-Agatha-Berchem);Belgium
be60;1082;Bruxelles (Berchem-Sainte-Agathe);Belgium
be61;1082;Sint-Agatha-Berchem;Belgium
be62;1083;Brussel (Ganshoren);Belgium
be63;1083;Bruxelles (Ganshoren);Belgium
be64;1083;Ganshoren;Belgium
be65;1090;Brussel (Jette);Belgium
be66;1090;Bruxelles (Jette);Belgium
be67;1090;Jette;Belgium
be68;1100;Postcheque;Belgium
be69;1105;SOC;Belgium
be70;1110;NAVO - NATO;Belgium
be71;1110;OTAN - NATO;Belgium
be72;1120;Brussel (Neder-Over-Heembeek);Belgium
be73;1120;Bruxelles (Neder-Over-Heembeek);Belgium
be74;1120;Neder-Over-Heembeek (Bru.);Belgium
be75;1130;Brussel (Haren);Belgium
be76;1130;Bruxelles (Haeren);Belgium
be77;1130;Haren (Bruxelles);Belgium
be78;1130;Haren (Brussel);Belgium
be79;1140;Brussel (Evere);Belgium
be80;1140;Bruxelles (Evere);Belgium
be81;1140;Evere;Belgium
be82;1150;Brussel (Sint-Pieters-Woluwe);Belgium
be83;1150;Bruxelles (Woluwe-Saint-Pierre);Belgium
be84;1150;Sint-Pieters-Woluwe;Belgium
be85;1150;Woluwe-Saint-Pierre;Belgium
be86;1160;Auderghem;Belgium
be87;1160;Brussel (Oudergem);Belgium
be88;1160;Bruxelles (Auderghem);Belgium
be89;1160;Oudergem;Belgium
be90;1170;Brussel (Watermaal-Bosvoorde);Belgium
be91;1170;Bruxelles (Watermael-Boitsfort);Belgium
be92;1170;Watermaal-Bosvoorde;Belgium
be93;1170;Watermael-Boitsfort;Belgium
be94;1180;Brussel (Ukkel);Belgium
be95;1180;Bruxelles (Uccle);Belgium
be96;1180;Uccle;Belgium
be97;1180;Ukkel;Belgium
be98;1190;Brussel (Vorst);Belgium
be99;1190;Bruxelles (Forest);Belgium
be100;1190;Forest;Belgium
be101;1190;Vorst;Belgium
be102;1200;Brussel (Sint-Lambrechts-Woluwe);Belgium
be103;1200;Bruxelles (Woluwe-Saint-Lambert);Belgium
be104;1200;Sint-Lambrechts-Woluwe;Belgium
be105;1200;Woluwe-Saint-Lambert;Belgium
be106;1201;R.T.L. - T.V.I.;Belgium
be107;1210;Brussel (Sint-Joost-ten-Node);Belgium
be108;1210;Bruxelles (Saint-Josse-ten-Noode);Belgium
be109;1210;Saint-Josse-ten-Noode;Belgium
be110;1210;Sint-Joost-ten-Node;Belgium
be111;1212;FOD Mobiliteit;Belgium
be112;1212;SPF Mobilité;Belgium
be113;1300;Limal;Belgium
be114;1300;Wavre;Belgium
be115;1301;Bierges;Belgium
be116;1310;La Hulpe;Belgium
be117;1315;Glimes;Belgium
be118;1315;Incourt;Belgium
be119;1315;Opprebais;Belgium
be120;1315;Piètrebais;Belgium
be121;1315;Roux-Miroir;Belgium
be122;1320;Beauvechain;Belgium
be123;1320;Hamme-Mille;Belgium
be124;1320;l'Ecluse;Belgium
be125;1320;Nodebais;Belgium
be126;1320;Tourinnes-la-Grosse;Belgium
be127;1325;Bonlez;Belgium
be128;1325;Chaumont-Gistoux;Belgium
be129;1325;Corroy-le-Grand;Belgium
be130;1325;Dion-Valmont;Belgium
be131;1325;Longueville;Belgium
be132;1330;Rixensart;Belgium
be133;1331;Rosières;Belgium
be134;1332;Genval;Belgium
be135;1340;Ottignies;Belgium
be136;1340;Ottignies-Louvain-la-Neuve;Belgium
be137;1341;Céroux-Mousty;Belgium
be138;1342;Limelette;Belgium
be139;1348;Louvain-la-Neuve;Belgium
be140;1350;Enines;Belgium
be141;1350;Folx-les-Caves;Belgium
be142;1350;Jandrain-Jandrenouille;Belgium
be143;1350;Jauche;Belgium
be144;1350;Marilles;Belgium
be145;1350;Noduwez;Belgium
be146;1350;Orp-Jauche;Belgium
be147;1350;Orp-le-Grand;Belgium
be148;1357;Hélécine;Belgium
be149;1357;Linsmeau;Belgium
be150;1357;Neerheylissem;Belgium
be151;1357;Opheylissem;Belgium
be152;1360;Malèves-Sainte-Marie-Wastines;Belgium
be153;1360;Orbais;Belgium
be154;1360;Perwez;Belgium
be155;1360;Thorembais-les-Béguines;Belgium
be156;1360;Thorembais-Saint-Trond;Belgium
be157;1367;Autre-Eglise;Belgium
be158;1367;Bomal (Bt.);Belgium
be159;1367;Geest-Gérompont-Petit-Rosière;Belgium
be160;1367;Gérompont;Belgium
be161;1367;Grand-Rosière-Hottomont;Belgium
be162;1367;Huppaye;Belgium
be163;1367;Mont-Saint-André;Belgium
be164;1367;Ramillies;Belgium
be165;1370;Dongelberg;Belgium
be166;1370;Jauchelette;Belgium
be167;1370;Jodoigne;Belgium
be168;1370;Jodoigne-Souveraine;Belgium
be169;1370;Lathuy;Belgium
be170;1370;Mélin;Belgium
be171;1370;Piétrain;Belgium
be172;1370;Saint-Jean-Geest;Belgium
be173;1370;Saint-Remy-Geest;Belgium
be174;1370;Zétrud-Lumay;Belgium
be175;1380;Couture-Saint-Germain;Belgium
be176;1380;Lasne;Belgium
be177;1380;Lasne-Chapelle-Saint-Lambert;Belgium
be178;1380;Maransart;Belgium
be179;1380;Ohain;Belgium
be180;1380;Plancenoit;Belgium
be181;1390;Archennes;Belgium
be182;1390;Biez;Belgium
be183;1390;Bossut-Gottechain;Belgium
be184;1390;Grez-Doiceau;Belgium
be185;1390;Nethen;Belgium
be186;1400;Monstreux;Belgium
be187;1400;Nivelles;Belgium
be188;1401;Baulers;Belgium
be189;1402;Thines;Belgium
be190;1404;Bornival;Belgium
be191;1410;Waterloo;Belgium
be192;1414;Promo-Control;Belgium
be193;1420;Braine-l'Alleud;Belgium
be194;1421;Ophain-Bois-Seigneur-Isaac;Belgium
be195;1428;Lillois-Witterzée;Belgium
be196;1430;Bierghes;Belgium
be197;1430;Quenast;Belgium
be198;1430;Rebecq;Belgium
be199;1430;Rebecq-Rognon;Belgium
be200;1435;Corbais;Belgium
be201;1435;Hévillers;Belgium
be202;1435;Mont-Saint-Guibert;Belgium
be203;1440;Braine-le-Château;Belgium
be204;1440;Wauthier-Braine;Belgium
be205;1450;Chastre;Belgium
be206;1450;Chastre-Villeroux-Blanmont;Belgium
be207;1450;Cortil-Noirmont;Belgium
be208;1450;Gentinnes;Belgium
be209;1450;Saint-Géry;Belgium
be210;1457;Nil-Saint-Vincent-Saint-Martin;Belgium
be211;1457;Tourinnes-Saint-Lambert;Belgium
be212;1457;Walhain;Belgium
be213;1457;Walhain-Saint-Paul;Belgium
be214;1460;Ittre;Belgium
be215;1460;Virginal-Samme;Belgium
be216;1461;Haut-Ittre;Belgium
be217;1470;Baisy-Thy;Belgium
be218;1470;Bousval;Belgium
be219;1470;Genappe;Belgium
be220;1471;Loupoigne;Belgium
be221;1472;Vieux-Genappe;Belgium
be222;1473;Glabais;Belgium
be223;1474;Ways;Belgium
be224;1476;Houtain-le-Val;Belgium
be225;1480;Clabecq;Belgium
be226;1480;Oisquercq;Belgium
be227;1480;Saintes;Belgium
be228;1480;Tubize;Belgium
be229;1490;Court-Saint-Etienne;Belgium
be230;1495;Marbais (Bt.);Belgium
be231;1495;Mellery;Belgium
be232;1495;Sart-Dames-Avelines;Belgium
be233;1495;Tilly;Belgium
be234;1495;Villers-la-Ville;Belgium
be235;1500;Halle;Belgium
be236;1501;Buizingen;Belgium
be237;1502;Lembeek;Belgium
be238;1540;Herfelingen;Belgium
be239;1540;Herne;Belgium
be240;1541;Sint-Pieters-Kapelle (Bt.);Belgium
be241;1547;Bever;Belgium
be242;1547;Bievene;Belgium
be243;1560;Hoeilaart;Belgium
be244;1570;Galmaarden;Belgium
be245;1570;Tollembeek;Belgium
be246;1570;Vollezele;Belgium
be247;1600;Oudenaken;Belgium
be248;1600;Sint-Laureins-Berchem;Belgium
be249;1600;Sint-Pieters-Leeuw;Belgium
be250;1601;Ruisbroek (Bt.);Belgium
be251;1602;Vlezenbeek;Belgium
be252;1620;Drogenbos;Belgium
be253;1630;Linkebeek;Belgium
be254;1640;Rhode-Saint-Genese;Belgium
be255;1640;Sint-Genesius-Rode;Belgium
be256;1650;Beersel;Belgium
be257;1651;Lot;Belgium
be258;1652;Alsemberg;Belgium
be259;1653;Dworp;Belgium
be260;1654;Huizingen;Belgium
be261;1670;Bogaarden;Belgium
be262;1670;Heikruis;Belgium
be263;1670;Pepingen;Belgium
be264;1671;Elingen;Belgium
be265;1673;Beert;Belgium
be266;1674;Bellingen;Belgium
be267;1700;Dilbeek;Belgium
be268;1700;Sint-Martens-Bodegem;Belgium
be269;1700;Sint-Ulriks-Kapelle;Belgium
be270;1701;Itterbeek;Belgium
be271;1702;Groot-Bijgaarden;Belgium
be272;1703;Schepdaal;Belgium
be273;1730;Asse;Belgium
be274;1730;Bekkerzeel;Belgium
be275;1730;Kobbegem;Belgium
be276;1730;Mollem;Belgium
be277;1731;Relegem;Belgium
be278;1731;Zellik;Belgium
be279;1740;Ternat;Belgium
be280;1741;Wambeek;Belgium
be281;1742;Sint-Katherina-Lombeek;Belgium
be282;1745;Mazenzele;Belgium
be283;1745;Opwijk;Belgium
be284;1750;Gaasbeek;Belgium
be285;1750;Lennik;Belgium
be286;1750;Sint-Kwintens-Lennik;Belgium
be287;1750;Sint-Martens-Lennik;Belgium
be288;1755;Gooik;Belgium
be289;1755;Kester;Belgium
be290;1755;Leerbeek;Belgium
be291;1755;Oetingen;Belgium
be292;1760;Onze-Lieve-Vrouw-Lombeek;Belgium
be293;1760;Pamel;Belgium
be294;1760;Roosdaal;Belgium
be295;1760;Strijtem;Belgium
be296;1761;Borchtlombeek;Belgium
be297;1770;Liedekerke;Belgium
be298;1780;Wemmel;Belgium
be299;1785;Brussegem;Belgium
be300;1785;Hamme (Bt.);Belgium
be301;1785;Merchtem;Belgium
be302;1790;Affligem;Belgium
be303;1790;Essene;Belgium
be304;1790;Hekelgem;Belgium
be305;1790;Teralfene;Belgium
be306;1800;Peutie;Belgium
be307;1800;Vilvoorde;Belgium
be308;1804;Cargovil;Belgium
be309;1818;VTM;Belgium
be310;1820;Melsbroek;Belgium
be311;1820;Perk;Belgium
be312;1820;Steenokkerzeel;Belgium
be313;1830;Machelen (Bt.);Belgium
be314;1831;Diegem;Belgium
be315;1840;Londerzeel;Belgium
be316;1840;Malderen;Belgium
be317;1840;Steenhuffel;Belgium
be318;1850;Grimbergen;Belgium
be319;1851;Humbeek;Belgium
be320;1852;Beigem;Belgium
be321;1853;Strombeek-Bever;Belgium
be322;1860;Meise;Belgium
be323;1861;Wolvertem;Belgium
be324;1880;Kapelle-op-den-Bos;Belgium
be325;1880;Nieuwenrode;Belgium
be326;1880;Ramsdonk;Belgium
be327;1910;Berg (Bt.);Belgium
be328;1910;Buken;Belgium
be329;1910;Kampenhout;Belgium
be330;1910;Nederokkerzeel;Belgium
be331;1930;Nossegem;Belgium
be332;1930;Zaventem;Belgium
be333;1931;Brucargo;Belgium
be334;1932;Sint-Stevens-Woluwe;Belgium
be335;1933;Sterrebeek;Belgium
be336;1934;Brussel X-Luchthaven Remailing;Belgium
be337;1934;Bruxelles X-Aeroport Remailing;Belgium
be338;1950;Kraainem;Belgium
be339;1970;Wezembeek-Oppem;Belgium
be340;1980;Eppegem;Belgium
be341;1980;Zemst;Belgium
be342;1981;Hofstade (Bt.);Belgium
be343;1982;Elewijt;Belgium
be344;1982;Weerde;Belgium
be345;2000;Antwerpen;Belgium
be346;2018;Antwerpen;Belgium
be347;2020;Antwerpen;Belgium
be348;2030;Antwerpen;Belgium
be349;2040;Antwerpen;Belgium
be350;2040;Berendrecht;Belgium
be351;2040;Lillo;Belgium
be352;2040;Zandvliet;Belgium
be353;2050;Antwerpen;Belgium
be354;2060;Antwerpen;Belgium
be355;2070;Burcht;Belgium
be356;2070;Zwijndrecht;Belgium
be357;2100;Deurne (Antwerpen);Belgium
be358;2110;Wijnegem;Belgium
be359;2140;Borgerhout (Antwerpen);Belgium
be360;2150;Borsbeek (Antw.);Belgium
be361;2160;Wommelgem;Belgium
be362;2170;Merksem (Antwerpen);Belgium
be363;2180;Ekeren (Antwerpen);Belgium
be364;2200;Herentals;Belgium
be365;2200;Morkhoven;Belgium
be366;2200;Noorderwijk;Belgium
be367;2220;Hallaar;Belgium
be368;2220;Heist-op-den-Berg;Belgium
be369;2221;Booischot;Belgium
be370;2222;Itegem;Belgium
be371;2222;Wiekevorst;Belgium
be372;2223;Schriek;Belgium
be373;2230;Herselt;Belgium
be374;2230;Ramsel;Belgium
be375;2235;Houtvenne;Belgium
be376;2235;Hulshout;Belgium
be377;2235;Westmeerbeek;Belgium
be378;2240;Massenhoven;Belgium
be379;2240;Viersel;Belgium
be380;2240;Zandhoven;Belgium
be381;2242;Pulderbos;Belgium
be382;2243;Pulle;Belgium
be383;2250;Olen;Belgium
be384;2260;Oevel;Belgium
be385;2260;Tongerlo (Antw.);Belgium
be386;2260;Westerlo;Belgium
be387;2260;Zoerle-Parwijs;Belgium
be388;2270;Herenthout;Belgium
be389;2275;Gierle;Belgium
be390;2275;Lille;Belgium
be391;2275;Poederlee;Belgium
be392;2275;Wechelderzande;Belgium
be393;2280;Grobbendonk;Belgium
be394;2288;Bouwel;Belgium
be395;2290;Vorselaar;Belgium
be396;2300;Turnhout;Belgium
be397;2310;Rijkevorsel;Belgium
be398;2320;Hoogstraten;Belgium
be399;2321;Meer;Belgium
be400;2322;Minderhout;Belgium
be401;2323;Wortel;Belgium
be402;2328;Meerle;Belgium
be403;2330;Merksplas;Belgium
be404;2340;Beerse;Belgium
be405;2340;Vlimmeren;Belgium
be406;2350;Vosselaar;Belgium
be407;2360;Oud-Turnhout;Belgium
be408;2370;Arendonk;Belgium
be409;2380;Ravels;Belgium
be410;2381;Weelde;Belgium
be411;2382;Poppel;Belgium
be412;2387;Baarle-Hertog;Belgium
be413;2390;Malle;Belgium
be414;2390;Oostmalle;Belgium
be415;2390;Westmalle;Belgium
be416;2400;Mol;Belgium
be417;2430;Eindhout;Belgium
be418;2430;Laakdal;Belgium
be419;2430;Vorst (Kempen);Belgium
be420;2431;Varendonk;Belgium
be421;2431;Veerle;Belgium
be422;2440;Geel;Belgium
be423;2450;Meerhout;Belgium
be424;2460;Kasterlee;Belgium
be425;2460;Lichtaart;Belgium
be426;2460;Tielen;Belgium
be427;2470;Retie;Belgium
be428;2480;Dessel;Belgium
be429;2490;Balen;Belgium
be430;2491;Olmen;Belgium
be431;2500;Koningshooikt;Belgium
be432;2500;Lier;Belgium
be433;2520;Broechem;Belgium
be434;2520;Emblem;Belgium
be435;2520;Oelegem;Belgium
be436;2520;Ranst;Belgium
be437;2530;Boechout;Belgium
be438;2531;Vremde;Belgium
be439;2540;Hove;Belgium
be440;2547;Lint;Belgium
be441;2550;Kontich;Belgium
be442;2550;Waarloos;Belgium
be443;2560;Bevel;Belgium
be444;2560;Kessel;Belgium
be445;2560;Nijlen;Belgium
be446;2570;Duffel;Belgium
be447;2580;Beerzel;Belgium
be448;2580;Putte;Belgium
be449;2590;Berlaar;Belgium
be450;2590;Gestel;Belgium
be451;2600;Berchem (Antwerpen);Belgium
be452;2610;Wilrijk (Antwerpen);Belgium
be453;2620;Hemiksem;Belgium
be454;2627;Schelle;Belgium
be455;2630;Aartselaar;Belgium
be456;2640;Mortsel;Belgium
be457;2650;Edegem;Belgium
be458;2660;Hoboken (Antwerpen);Belgium
be459;2800;Mechelen;Belgium
be460;2800;Walem;Belgium
be461;2801;Heffen;Belgium
be462;2811;Hombeek;Belgium
be463;2811;Leest;Belgium
be464;2812;Muizen (Mechelen);Belgium
be465;2820;Bonheiden;Belgium
be466;2820;Rijmenam;Belgium
be467;2830;Blaasveld;Belgium
be468;2830;Heindonk;Belgium
be469;2830;Tisselt;Belgium
be470;2830;Willebroek;Belgium
be471;2840;Reet;Belgium
be472;2840;Rumst;Belgium
be473;2840;Terhagen;Belgium
be474;2845;Niel;Belgium
be475;2850;Boom;Belgium
be476;2860;Sint-Katelijne-Waver;Belgium
be477;2861;Onze-Lieve-Vrouw-Waver;Belgium
be478;2870;Breendonk;Belgium
be479;2870;Liezele;Belgium
be480;2870;Puurs;Belgium
be481;2870;Ruisbroek (Antw.);Belgium
be482;2880;Bornem;Belgium
be483;2880;Hingene;Belgium
be484;2880;Mariekerke (Bornem);Belgium
be485;2880;Weert;Belgium
be486;2890;Lippelo;Belgium
be487;2890;Oppuurs;Belgium
be488;2890;Sint-Amands;Belgium
be489;2900;Schoten;Belgium
be490;2910;Essen;Belgium
be491;2920;Kalmthout;Belgium
be492;2930;Brasschaat;Belgium
be493;2940;Hoevenen;Belgium
be494;2940;Stabroek;Belgium
be495;2950;Kapellen (Antw.);Belgium
be496;2960;Brecht;Belgium
be497;2960;Sint-Job-in-'t-Goor;Belgium
be498;2960;Sint-Lenaarts;Belgium
be499;2970;s Gravenwezel;Belgium
be500;2970;Schilde;Belgium
be501;2980;Halle (Kempen);Belgium
be502;2980;Zoersel;Belgium
be503;2990;Loenhout;Belgium
be504;2990;Wuustwezel;Belgium
be505;3000;Leuven;Belgium
be506;3001;Heverlee;Belgium
be507;3010;Kessel-Lo (Leuven);Belgium
be508;3012;Wilsele;Belgium
be509;3018;Wijgmaal (Brabant);Belgium
be510;3020;Herent;Belgium
be511;3020;Veltem-Beisem;Belgium
be512;3020;Winksele;Belgium
be513;3040;Huldenberg;Belgium
be514;3040;Loonbeek;Belgium
be515;3040;Neerijse;Belgium
be516;3040;Ottenburg;Belgium
be517;3040;Sint-Agatha-Rode;Belgium
be518;3050;Oud-Heverlee;Belgium
be519;3051;Sint-Joris-Weert;Belgium
be520;3052;Blanden;Belgium
be521;3053;Haasrode;Belgium
be522;3054;Vaalbeek;Belgium
be523;3060;Bertem;Belgium
be524;3060;Korbeek-Dijle;Belgium
be525;3061;Leefdaal;Belgium
be526;3070;Kortenberg;Belgium
be527;3071;Erps-Kwerps;Belgium
be528;3078;Everberg;Belgium
be529;3078;Meerbeek;Belgium
be530;3080;Duisburg;Belgium
be531;3080;Tervuren;Belgium
be532;3080;Vossem;Belgium
be533;3090;Overijse;Belgium
be534;3110;Rotselaar;Belgium
be535;3111;Wezemaal;Belgium
be536;3118;Werchter;Belgium
be537;3120;Tremelo;Belgium
be538;3128;Baal;Belgium
be539;3130;Begijnendijk;Belgium
be540;3130;Betekom;Belgium
be541;3140;Keerbergen;Belgium
be542;3150;Haacht;Belgium
be543;3150;Tildonk;Belgium
be544;3150;Wespelaar;Belgium
be545;3190;Boortmeerbeek;Belgium
be546;3191;Hever;Belgium
be547;3200;Aarschot;Belgium
be548;3200;Gelrode;Belgium
be549;3201;Langdorp;Belgium
be550;3202;Rillaar;Belgium
be551;3210;Linden;Belgium
be552;3210;Lubbeek;Belgium
be553;3211;Binkom;Belgium
be554;3212;Pellenberg;Belgium
be555;3220;Holsbeek;Belgium
be556;3220;Kortrijk-Dutsel;Belgium
be557;3220;Sint-Pieters-Rode;Belgium
be558;3221;Nieuwrode;Belgium
be559;3270;Scherpenheuvel;Belgium
be560;3270;Scherpenheuvel-Zichem;Belgium
be561;3271;Averbode;Belgium
be562;3271;Zichem;Belgium
be563;3272;Messelbroek;Belgium
be564;3272;Testelt;Belgium
be565;3290;Deurne (Bt.);Belgium
be566;3290;Diest;Belgium
be567;3290;Schaffen;Belgium
be568;3290;Webbekom;Belgium
be569;3293;Kaggevinne;Belgium
be570;3294;Molenstede;Belgium
be571;3300;Bost;Belgium
be572;3300;Goetsenhoven;Belgium
be573;3300;Hakendover;Belgium
be574;3300;Kumtich;Belgium
be575;3300;Oorbeek;Belgium
be576;3300;Oplinter;Belgium
be577;3300;Sint-Margriete-Houtem (Tienen);Belgium
be578;3300;Tienen;Belgium
be579;3300;Vissenaken;Belgium
be580;3320;Hoegaarden;Belgium
be581;3320;Meldert (Bt.);Belgium
be582;3321;Outgaarden;Belgium
be583;3350;Drieslinter;Belgium
be584;3350;Linter;Belgium
be585;3350;Melkwezer;Belgium
be586;3350;Neerhespen;Belgium
be587;3350;Neerlinter;Belgium
be588;3350;Orsmaal-Gussenhoven;Belgium
be589;3350;Overhespen;Belgium
be590;3350;Wommersom;Belgium
be591;3360;Bierbeek;Belgium
be592;3360;Korbeek-Lo;Belgium
be593;3360;Lovenjoel;Belgium
be594;3360;Opvelp;Belgium
be595;3370;Boutersem;Belgium
be596;3370;Kerkom;Belgium
be597;3370;Neervelp;Belgium
be598;3370;Roosbeek;Belgium
be599;3370;Vertrijk;Belgium
be600;3370;Willebringen;Belgium
be601;3380;Bunsbeek;Belgium
be602;3380;Glabbeek-Zuurbemde;Belgium
be603;3381;Kapellen (Bt.);Belgium
be604;3384;Attenrode;Belgium
be605;3390;Houwaart;Belgium
be606;3390;Sint-Joris-Winge;Belgium
be607;3390;Tielt (Bt.);Belgium
be608;3390;Tielt-Winge;Belgium
be609;3391;Meensel-Kiezegem;Belgium
be610;3400;Eliksem;Belgium
be611;3400;Ezemaal;Belgium
be612;3400;Laar;Belgium
be613;3400;Landen;Belgium
be614;3400;Neerwinden;Belgium
be615;3400;Overwinden;Belgium
be616;3400;Rumsdorp;Belgium
be617;3400;Wange;Belgium
be618;3401;Waasmont;Belgium
be619;3401;Walsbets;Belgium
be620;3401;Walshoutem;Belgium
be621;3401;Wezeren;Belgium
be622;3404;Attenhoven;Belgium
be623;3404;Neerlanden;Belgium
be624;3440;Budingen;Belgium
be625;3440;Dormaal;Belgium
be626;3440;Halle-Booienhoven;Belgium
be627;3440;Helen-Bos;Belgium
be628;3440;Zoutleeuw;Belgium
be629;3450;Geetbets;Belgium
be630;3450;Grazen;Belgium
be631;3454;Rummen;Belgium
be632;3460;Assent;Belgium
be633;3460;Bekkevoort;Belgium
be634;3461;Molenbeek-Wersbeek;Belgium
be635;3470;Kortenaken;Belgium
be636;3470;Ransberg;Belgium
be637;3471;Hoeleden;Belgium
be638;3472;Kersbeek-Miskom;Belgium
be639;3473;Waanrode;Belgium
be640;3500;Hasselt;Belgium
be641;3500;Sint-Lambrechts-Herk;Belgium
be642;3501;Wimmertingen;Belgium
be643;3510;Kermt (Hasselt);Belgium
be644;3510;Spalbeek;Belgium
be645;3511;Kuringen;Belgium
be646;3511;Stokrooie;Belgium
be647;3512;Stevoort;Belgium
be648;3520;Zonhoven;Belgium
be649;3530;Helchteren;Belgium
be650;3530;Houthalen;Belgium
be651;3530;Houthalen-Helchteren;Belgium
be652;3540;Berbroek;Belgium
be653;3540;Donk;Belgium
be654;3540;Herk-de-Stad;Belgium
be655;3540;Schulen;Belgium
be656;3545;Halen;Belgium
be657;3545;Loksbergen;Belgium
be658;3545;Zelem;Belgium
be659;3550;Heusden (Limb.);Belgium
be660;3550;Heusden-Zolder;Belgium
be661;3550;Zolder;Belgium
be662;3560;Linkhout;Belgium
be663;3560;Lummen;Belgium
be664;3560;Meldert (Limb.);Belgium
be665;3570;Alken;Belgium
be666;3580;Beringen;Belgium
be667;3581;Beverlo;Belgium
be668;3582;Koersel;Belgium
be669;3583;Paal;Belgium
be670;3590;Diepenbeek;Belgium
be671;3600;Genk;Belgium
be672;3620;Gellik;Belgium
be673;3620;Lanaken;Belgium
be674;3620;Neerharen;Belgium
be675;3620;Veldwezelt;Belgium
be676;3621;Rekem;Belgium
be677;3630;Eisden;Belgium
be678;3630;Leut;Belgium
be679;3630;Maasmechelen;Belgium
be680;3630;Mechelen-aan-de-Maas;Belgium
be681;3630;Meeswijk;Belgium
be682;3630;Opgrimbie;Belgium
be683;3630;Vucht;Belgium
be684;3631;Boorsem;Belgium
be685;3631;Uikhoven;Belgium
be686;3640;Kessenich;Belgium
be687;3640;Kinrooi;Belgium
be688;3640;Molenbeersel;Belgium
be689;3640;Ophoven;Belgium
be690;3650;Dilsen-Stokkem;Belgium
be691;3650;Elen;Belgium
be692;3650;Lanklaar;Belgium
be693;3650;Rotem;Belgium
be694;3650;Stokkem;Belgium
be695;3660;Opglabbeek;Belgium
be696;3665;As;Belgium
be697;3668;Niel-bij-As;Belgium
be698;3670;Ellikom;Belgium
be699;3670;Gruitrode;Belgium
be700;3670;Meeuwen;Belgium
be701;3670;Meeuwen-Gruitrode;Belgium
be702;3670;Neerglabbeek;Belgium
be703;3670;Wijshagen;Belgium
be704;3680;Maaseik;Belgium
be705;3680;Neeroeteren;Belgium
be706;3680;Opoeteren;Belgium
be707;3690;Zutendaal;Belgium
be708;3700;Berg (Limb.);Belgium
be709;3700;Diets-Heur;Belgium
be710;3700;Haren (Tongeren);Belgium
be711;3700;Henis;Belgium
be712;3700;Kolmont (Tongeren);Belgium
be713;3700;Koninksem;Belgium
be714;3700;Lauw;Belgium
be715;3700;Mal;Belgium
be716;3700;Neerrepen;Belgium
be717;3700;Nerem;Belgium
be718;3700;Overrepen (Kolmont);Belgium
be719;3700;Piringen (Haren);Belgium
be720;3700;Riksingen;Belgium
be721;3700;Rutten;Belgium
be722;3700;s Herenelderen;Belgium
be723;3700;Sluizen;Belgium
be724;3700;Tongeren;Belgium
be725;3700;Vreren;Belgium
be726;3700;Widooie (Haren);Belgium
be727;3717;Herstappe;Belgium
be728;3720;Kortessem;Belgium
be729;3721;Vliermaalroot;Belgium
be730;3722;Wintershoven;Belgium
be731;3723;Guigoven;Belgium
be732;3724;Vliermaal;Belgium
be733;3730;Hoeselt;Belgium
be734;3730;Romershoven;Belgium
be735;3730;Sint-Huibrechts-Hern;Belgium
be736;3730;Werm;Belgium
be737;3732;Schalkhoven;Belgium
be738;3740;Beverst;Belgium
be739;3740;Bilzen;Belgium
be740;3740;Eigenbilzen;Belgium
be741;3740;Grote-Spouwen;Belgium
be742;3740;Hees;Belgium
be743;3740;Kleine-Spouwen;Belgium
be744;3740;Mopertingen;Belgium
be745;3740;Munsterbilzen;Belgium
be746;3740;Rijkhoven;Belgium
be747;3740;Rosmeer;Belgium
be748;3740;Spouwen;Belgium
be749;3740;Waltwilder;Belgium
be750;3742;Martenslinde;Belgium
be751;3746;Hoelbeek;Belgium
be752;3770;Genoelselderen;Belgium
be753;3770;Herderen;Belgium
be754;3770;Kanne;Belgium
be755;3770;Membruggen;Belgium
be756;3770;Millen;Belgium
be757;3770;Riemst;Belgium
be758;3770;Val-Meer;Belgium
be759;3770;Vlijtingen;Belgium
be760;3770;Vroenhoven;Belgium
be761;3770;Zichen-Zussen-Bolder;Belgium
be762;3790;Fourons;Belgium
be763;3790;Fouron-Saint-Martin;Belgium
be764;3790;Moelingen;Belgium
be765;3790;Mouland;Belgium
be766;3790;Sint-Martens-Voeren;Belgium
be767;3790;Voeren;Belgium
be768;3791;Remersdaal;Belgium
be769;3792;Fouron-Saint-Pierre;Belgium
be770;3792;Sint-Pieters-Voeren;Belgium
be771;3793;Teuven;Belgium
be772;3798;Fouron-le-Comte;Belgium
be773;3798;s Gravenvoeren;Belgium
be774;3800;Aalst (Limb.);Belgium
be775;3800;Brustem;Belgium
be776;3800;Engelmanshoven;Belgium
be777;3800;Gelinden;Belgium
be778;3800;Groot-Gelmen;Belgium
be779;3800;Halmaal;Belgium
be780;3800;Kerkom-bij-Sint-Truiden;Belgium
be781;3800;Ordingen;Belgium
be782;3800;Sint-Truiden;Belgium
be783;3800;Zepperen;Belgium
be784;3803;Duras;Belgium
be785;3803;Gorsem;Belgium
be786;3803;Runkelen;Belgium
be787;3803;Wilderen;Belgium
be788;3806;Velm;Belgium
be789;3830;Berlingen;Belgium
be790;3830;Wellen;Belgium
be791;3831;Herten;Belgium
be792;3832;Ulbeek;Belgium
be793;3840;Bommershoven (Haren);Belgium
be794;3840;Borgloon;Belgium
be795;3840;Broekom;Belgium
be796;3840;Gors-Opleeuw;Belgium
be797;3840;Gotem;Belgium
be798;3840;Groot-Loon;Belgium
be799;3840;Haren (Borgloon);Belgium
be800;3840;Hendrieken;Belgium
be801;3840;Hoepertingen;Belgium
be802;3840;Jesseren (Kolmont);Belgium
be803;3840;Kerniel;Belgium
be804;3840;Kolmont (Borgloon);Belgium
be805;3840;Kuttekoven;Belgium
be806;3840;Rijkel;Belgium
be807;3840;Voort;Belgium
be808;3850;Binderveld;Belgium
be809;3850;Kozen;Belgium
be810;3850;Nieuwerkerken (Limb.);Belgium
be811;3850;Wijer;Belgium
be812;3870;Batsheers;Belgium
be813;3870;Bovelingen;Belgium
be814;3870;Gutschoven;Belgium
be815;3870;Heers;Belgium
be816;3870;Heks;Belgium
be817;3870;Horpmaal;Belgium
be818;3870;Klein-Gelmen;Belgium
be819;3870;Mechelen-Bovelingen;Belgium
be820;3870;Mettekoven;Belgium
be821;3870;Opheers;Belgium
be822;3870;Rukkelingen-Loon;Belgium
be823;3870;Vechmaal;Belgium
be824;3870;Veulen;Belgium
be825;3890;Boekhout;Belgium
be826;3890;Gingelom;Belgium
be827;3890;Jeuk;Belgium
be828;3890;Kortijs;Belgium
be829;3890;Montenaken;Belgium
be830;3890;Niel-bij-Sint-Truiden;Belgium
be831;3890;Vorsen;Belgium
be832;3891;Borlo;Belgium
be833;3891;Buvingen;Belgium
be834;3891;Mielen-Boven-Aalst;Belgium
be835;3891;Muizen (Limb.);Belgium
be836;3900;Overpelt;Belgium
be837;3910;Neerpelt;Belgium
be838;3910;Sint-Huibrechts-Lille;Belgium
be839;3920;Lommel;Belgium
be840;3930;Achel;Belgium
be841;3930;Hamont;Belgium
be842;3930;Hamont-Achel;Belgium
be843;3940;Hechtel;Belgium
be844;3940;Hechtel-Eksel;Belgium
be845;3941;Eksel;Belgium
be846;3945;Ham;Belgium
be847;3945;Kwaadmechelen;Belgium
be848;3945;Oostham;Belgium
be849;3950;Bocholt;Belgium
be850;3950;Kaulille;Belgium
be851;3950;Reppel;Belgium
be852;3960;Beek;Belgium
be853;3960;Bree;Belgium
be854;3960;Gerdingen;Belgium
be855;3960;Opitter;Belgium
be856;3960;Tongerlo (Limb.);Belgium
be857;3970;Leopoldsburg;Belgium
be858;3971;Heppen;Belgium
be859;3980;Tessenderlo;Belgium
be860;3990;Grote-Brogel;Belgium
be861;3990;Kleine-Brogel;Belgium
be862;3990;Peer;Belgium
be863;3990;Wijchmaal;Belgium
be864;4000;Glain;Belgium
be865;4000;Liège;Belgium
be866;4000;Rocourt;Belgium
be867;4020;Bressoux;Belgium
be868;4020;Jupille-sur-Meuse;Belgium
be869;4020;Liège;Belgium
be870;4020;Wandre;Belgium
be871;4030;Grivegnée;Belgium
be872;4030;Liège;Belgium
be873;4031;Angleur;Belgium
be874;4032;Chênée;Belgium
be875;4040;Herstal;Belgium
be876;4041;Milmort;Belgium
be877;4041;Vottem;Belgium
be878;4042;Liers;Belgium
be879;4050;Chaudfontaine;Belgium
be880;4051;Vaux-sous-Chèvremont;Belgium
be881;4052;Beaufays;Belgium
be882;4053;Embourg;Belgium
be883;4090;B.S.D. (Belg. Strijdkr. Duitsland);Belgium
be884;4090;F.B.A. (Forces Belges en Allemagne);Belgium
be885;4100;Boncelles;Belgium
be886;4100;Seraing;Belgium
be887;4101;Jemeppe-sur-Meuse;Belgium
be888;4102;Ougrée;Belgium
be889;4120;Ehein;Belgium
be890;4120;Neupré;Belgium
be891;4120;Rotheux-Rimière;Belgium
be892;4121;Neuville-en-Condroz;Belgium
be893;4122;Plainevaux;Belgium
be894;4130;Esneux;Belgium
be895;4130;Tilff;Belgium
be896;4140;Dolembreux;Belgium
be897;4140;Gomzé-Andoumont;Belgium
be898;4140;Rouvreux;Belgium
be899;4140;Sprimont;Belgium
be900;4141;Louveigné;Belgium
be901;4160;Anthisnes;Belgium
be902;4161;Villers-aux-Tours;Belgium
be903;4162;Hody;Belgium
be904;4163;Tavier;Belgium
be905;4170;Comblain-au-Pont;Belgium
be906;4171;Poulseur;Belgium
be907;4180;Comblain-Fairon;Belgium
be908;4180;Comblain-la-Tour;Belgium
be909;4180;Hamoir;Belgium
be910;4181;Filot;Belgium
be911;4190;Ferrières;Belgium
be912;4190;My;Belgium
be913;4190;Vieuxville;Belgium
be914;4190;Werbomont;Belgium
be915;4190;Xhoris;Belgium
be916;4210;Burdinne;Belgium
be917;4210;Hannêche;Belgium
be918;4210;Lamontzée;Belgium
be919;4210;Marneffe;Belgium
be920;4210;Oteppe;Belgium
be921;4217;Héron;Belgium
be922;4217;Lavoir;Belgium
be923;4217;Waret-l'Evêque;Belgium
be924;4218;Couthuin;Belgium
be925;4219;Acosse;Belgium
be926;4219;Ambresin;Belgium
be927;4219;Meeffe;Belgium
be928;4219;Wasseiges;Belgium
be929;4250;Boëlhe;Belgium
be930;4250;Geer;Belgium
be931;4250;Hollogne-sur-Geer;Belgium
be932;4250;Lens-Saint-Servais;Belgium
be933;4252;Omal;Belgium
be934;4253;Darion;Belgium
be935;4254;Ligney;Belgium
be936;4257;Berloz;Belgium
be937;4257;Corswarem;Belgium
be938;4257;Rosoux-Crenwick;Belgium
be939;4260;Avennes;Belgium
be940;4260;Braives;Belgium
be941;4260;Ciplet;Belgium
be942;4260;Fallais;Belgium
be943;4260;Fumal;Belgium
be944;4260;Ville-en-Hesbaye;Belgium
be945;4261;Latinne;Belgium
be946;4263;Tourinne (Lg.);Belgium
be947;4280;Abolens;Belgium
be948;4280;Avernas-le-Bauduin;Belgium
be949;4280;Avin;Belgium
be950;4280;Bertrée;Belgium
be951;4280;Blehen;Belgium
be952;4280;Cras-Avernas;Belgium
be953;4280;Crehen;Belgium
be954;4280;Grand-Hallet;Belgium
be955;4280;Hannut;Belgium
be956;4280;Lens-Saint-Remy;Belgium
be957;4280;Merdorp;Belgium
be958;4280;Moxhe;Belgium
be959;4280;Petit-Hallet;Belgium
be960;4280;Poucet;Belgium
be961;4280;Thisnes;Belgium
be962;4280;Trognée;Belgium
be963;4280;Villers-le-Peuplier;Belgium
be964;4280;Wansin;Belgium
be965;4287;Lincent;Belgium
be966;4287;Pellaines;Belgium
be967;4287;Racour;Belgium
be968;4300;Bettincourt;Belgium
be969;4300;Bleret;Belgium
be970;4300;Bovenistier;Belgium
be971;4300;Grand-Axhe;Belgium
be972;4300;Lantremange;Belgium
be973;4300;Oleye;Belgium
be974;4300;Waremme;Belgium
be975;4317;Aineffe;Belgium
be976;4317;Borlez;Belgium
be977;4317;Celles (Lg.);Belgium
be978;4317;Faimes;Belgium
be979;4317;Les Waleffes;Belgium
be980;4317;Viemme;Belgium
be981;4340;Awans;Belgium
be982;4340;Fooz;Belgium
be983;4340;Othée;Belgium
be984;4340;Villers-l'Evêque;Belgium
be985;4342;Hognoul;Belgium
be986;4347;Fexhe-le-Haut-Clocher;Belgium
be987;4347;Freloux;Belgium
be988;4347;Noville (Lg.);Belgium
be989;4347;Roloux;Belgium
be990;4347;Voroux-Goreux;Belgium
be991;4350;Lamine;Belgium
be992;4350;Momalle;Belgium
be993;4350;Pousset;Belgium
be994;4350;Remicourt;Belgium
be995;4351;Hodeige;Belgium
be996;4357;Donceel;Belgium
be997;4357;Haneffe;Belgium
be998;4357;Jeneffe (Lg.);Belgium
be999;4357;Limont;Belgium
be1000;4360;Bergilers;Belgium
be1001;4360;Grandville;Belgium
be1002;4360;Lens-sur-Geer;Belgium
be1003;4360;Oreye;Belgium
be1004;4360;Otrange;Belgium
be1005;4367;Crisnée;Belgium
be1006;4367;Fize-le-Marsal;Belgium
be1007;4367;Kemexhe;Belgium
be1008;4367;Odeur;Belgium
be1009;4367;Thys;Belgium
be1010;4400;Awirs;Belgium
be1011;4400;Chokier;Belgium
be1012;4400;Flémalle;Belgium
be1013;4400;Flémalle-Grande;Belgium
be1014;4400;Flémalle-Haute;Belgium
be1015;4400;Gleixhe;Belgium
be1016;4400;Ivoz-Ramet;Belgium
be1017;4400;Mons-lez-Liège;Belgium
be1018;4420;Montegnée;Belgium
be1019;4420;Saint-Nicolas (Lg.);Belgium
be1020;4420;Tilleur;Belgium
be1021;4430;Ans;Belgium
be1022;4431;Loncin;Belgium
be1023;4432;Alleur;Belgium
be1024;4432;Xhendremael;Belgium
be1025;4450;Juprelle;Belgium
be1026;4450;Lantin;Belgium
be1027;4450;Slins;Belgium
be1028;4451;Voroux-lez-Liers;Belgium
be1029;4452;Paifve;Belgium
be1030;4452;Wihogne;Belgium
be1031;4453;Villers-Saint-Siméon;Belgium
be1032;4458;Fexhe-Slins;Belgium
be1033;4460;Bierset;Belgium
be1034;4460;Grâce-Berleur;Belgium
be1035;4460;Grâce-Hollogne;Belgium
be1036;4460;Hollogne-aux-Pierres;Belgium
be1037;4460;Horion-Hozémont;Belgium
be1038;4460;Velroux;Belgium
be1039;4470;Saint-Georges-sur-Meuse;Belgium
be1040;4480;Clermont-sous-Huy;Belgium
be1041;4480;Engis;Belgium
be1042;4480;Hermalle-sous-Huy;Belgium
be1043;4500;Ben-Ahin;Belgium
be1044;4500;Huy;Belgium
be1045;4500;Tihange;Belgium
be1046;4520;Antheit;Belgium
be1047;4520;Bas-Oha;Belgium
be1048;4520;Huccorgne;Belgium
be1049;4520;Moha;Belgium
be1050;4520;Vinalmont;Belgium
be1051;4520;Wanze;Belgium
be1052;4530;Fize-Fontaine;Belgium
be1053;4530;Vaux-et-Borset;Belgium
be1054;4530;Vieux-Waleffe;Belgium
be1055;4530;Villers-le-Bouillet;Belgium
be1056;4530;Warnant-Dreye;Belgium
be1057;4537;Chapon-Seraing;Belgium
be1058;4537;Seraing-le-Château;Belgium
be1059;4537;Verlaine;Belgium
be1060;4540;Amay;Belgium
be1061;4540;Ampsin;Belgium
be1062;4540;Flône;Belgium
be1063;4540;Jehay;Belgium
be1064;4540;Ombret;Belgium
be1065;4550;Nandrin;Belgium
be1066;4550;Saint-Séverin;Belgium
be1067;4550;Villers-le-Temple;Belgium
be1068;4550;Yernée-Fraineux;Belgium
be1069;4557;Abée;Belgium
be1070;4557;Fraiture;Belgium
be1071;4557;Ramelot;Belgium
be1072;4557;Seny;Belgium
be1073;4557;Soheit-Tinlot;Belgium
be1074;4557;Tinlot;Belgium
be1075;4560;Bois-et-Borsu;Belgium
be1076;4560;Clavier;Belgium
be1077;4560;Les Avins;Belgium
be1078;4560;Ocquier;Belgium
be1079;4560;Pailhe;Belgium
be1080;4560;Terwagne;Belgium
be1081;4570;Marchin;Belgium
be1082;4570;Vyle-et-Tharoul;Belgium
be1083;4577;Modave;Belgium
be1084;4577;Outrelouxhe;Belgium
be1085;4577;Strée-lez-Huy;Belgium
be1086;4577;Vierset-Barse;Belgium
be1087;4590;Ellemelle;Belgium
be1088;4590;Ouffet;Belgium
be1089;4590;Warzée;Belgium
be1090;4600;Lanaye;Belgium
be1091;4600;Lixhe;Belgium
be1092;4600;Richelle;Belgium
be1093;4600;Visé;Belgium
be1094;4601;Argenteau;Belgium
be1095;4602;Cheratte;Belgium
be1096;4606;Saint-André;Belgium
be1097;4607;Berneau;Belgium
be1098;4607;Bombaye;Belgium
be1099;4607;Dalhem;Belgium
be1100;4607;Feneur;Belgium
be1101;4607;Mortroux;Belgium
be1102;4608;Neufchâteau (Lg.);Belgium
be1103;4608;Warsage;Belgium
be1104;4610;Bellaire;Belgium
be1105;4610;Beyne-Heusay;Belgium
be1106;4610;Queue-du-Bois;Belgium
be1107;4620;Fléron;Belgium
be1108;4621;Retinne;Belgium
be1109;4623;Magnée;Belgium
be1110;4624;Romsée;Belgium
be1111;4630;Ayeneux;Belgium
be1112;4630;Micheroux;Belgium
be1113;4630;Soumagne;Belgium
be1114;4630;Tignée;Belgium
be1115;4631;Evegnée;Belgium
be1116;4632;Cérexhe-Heuseux;Belgium
be1117;4633;Melen;Belgium
be1118;4650;Chaineux;Belgium
be1119;4650;Grand-Rechain;Belgium
be1120;4650;Herve;Belgium
be1121;4650;Julémont;Belgium
be1122;4651;Battice;Belgium
be1123;4652;Xhendelesse;Belgium
be1124;4653;Bolland;Belgium
be1125;4654;Charneux;Belgium
be1126;4670;Blégny;Belgium
be1127;4670;Mortier;Belgium
be1128;4670;Trembleur;Belgium
be1129;4671;Barchon;Belgium
be1130;4671;Housse;Belgium
be1131;4671;Saive;Belgium
be1132;4672;Saint-Remy (Lg.);Belgium
be1133;4680;Hermée;Belgium
be1134;4680;Oupeye;Belgium
be1135;4681;Hermalle-sous-Argenteau;Belgium
be1136;4682;Heure-le-Romain;Belgium
be1137;4682;Houtain-Saint-Siméon;Belgium
be1138;4683;Vivegnis;Belgium
be1139;4684;Haccourt;Belgium
be1140;4690;Bassenge;Belgium
be1141;4690;Boirs;Belgium
be1142;4690;Eben-Emael;Belgium
be1143;4690;Glons;Belgium
be1144;4690;Roclenge-sur-Geer;Belgium
be1145;4690;Wonck;Belgium
be1146;4700;Eupen;Belgium
be1147;4701;Kettenis;Belgium
be1148;4710;Lontzen;Belgium
be1149;4711;Walhorn;Belgium
be1150;4720;Kelmis;Belgium
be1151;4720;La Calamine;Belgium
be1152;4721;Neu-Moresnet;Belgium
be1153;4728;Hergenrath;Belgium
be1154;4730;Hauset;Belgium
be1155;4730;Raeren;Belgium
be1156;4731;Eynatten;Belgium
be1157;4750;Bütgenbach;Belgium
be1158;4750;Butgenbach;Belgium
be1159;4750;Elsenborn;Belgium
be1160;4760;Bullange;Belgium
be1161;4760;Büllingen;Belgium
be1162;4760;Manderfeld;Belgium
be1163;4761;Rocherath;Belgium
be1164;4770;Amblève;Belgium
be1165;4770;Amel;Belgium
be1166;4770;Meyerode;Belgium
be1167;4771;Heppenbach;Belgium
be1168;4780;Recht;Belgium
be1169;4780;Saint-Vith;Belgium
be1170;4780;Sankt Vith;Belgium
be1171;4782;Schoenberg;Belgium
be1172;4782;Schönberg;Belgium
be1173;4783;Lommersweiler;Belgium
be1174;4784;Crombach;Belgium
be1175;4790;Burg-Reuland;Belgium
be1176;4790;Reuland;Belgium
be1177;4791;Thommen;Belgium
be1178;4800;Ensival;Belgium
be1179;4800;Lambermont;Belgium
be1180;4800;Petit-Rechain;Belgium
be1181;4800;Verviers;Belgium
be1182;4801;Stembert;Belgium
be1183;4802;Heusy;Belgium
be1184;4820;Dison;Belgium
be1185;4821;Andrimont;Belgium
be1186;4830;Limbourg;Belgium
be1187;4831;Bilstain;Belgium
be1188;4834;Goé;Belgium
be1189;4837;Baelen (Lg.);Belgium
be1190;4837;Membach;Belgium
be1191;4840;Welkenraedt;Belgium
be1192;4841;Henri-Chapelle;Belgium
be1193;4845;Jalhay;Belgium
be1194;4845;Sart-lez-Spa;Belgium
be1195;4850;Montzen;Belgium
be1196;4850;Moresnet;Belgium
be1197;4850;Plombières;Belgium
be1198;4851;Gemmenich;Belgium
be1199;4851;Sippenaeken;Belgium
be1200;4852;Hombourg;Belgium
be1201;4860;Cornesse;Belgium
be1202;4860;Pepinster;Belgium
be1203;4860;Wegnez;Belgium
be1204;4861;Soiron;Belgium
be1205;4870;Forêt;Belgium
be1206;4870;Fraipont;Belgium
be1207;4870;Nessonvaux;Belgium
be1208;4870;Trooz;Belgium
be1209;4877;Olne;Belgium
be1210;4880;Aubel;Belgium
be1211;4890;Clermont (Lg.);Belgium
be1212;4890;Thimister;Belgium
be1213;4890;Thimister-Clermont;Belgium
be1214;4900;Spa;Belgium
be1215;4910;La Reid;Belgium
be1216;4910;Polleur;Belgium
be1217;4910;Theux;Belgium
be1218;4920;Aywaille;Belgium
be1219;4920;Ernonheid;Belgium
be1220;4920;Harzé;Belgium
be1221;4920;Sougné-Remouchamps;Belgium
be1222;4950;Faymonville;Belgium
be1223;4950;Robertville;Belgium
be1224;4950;Sourbrodt;Belgium
be1225;4950;Waimes;Belgium
be1226;4950;Weismes;Belgium
be1227;4960;Bellevaux-Ligneuville;Belgium
be1228;4960;Bevercé;Belgium
be1229;4960;Malmedy;Belgium
be1230;4970;Francorchamps;Belgium
be1231;4970;Stavelot;Belgium
be1232;4980;Fosse (Lg.);Belgium
be1233;4980;Trois-Ponts;Belgium
be1234;4980;Wanne;Belgium
be1235;4983;Basse-Bodeux;Belgium
be1236;4987;Chevron;Belgium
be1237;4987;La Gleize;Belgium
be1238;4987;Lorcé;Belgium
be1239;4987;Rahier;Belgium
be1240;4987;Stoumont;Belgium
be1241;4990;Arbrefontaine;Belgium
be1242;4990;Bra;Belgium
be1243;4990;Lierneux;Belgium
be1244;5000;Beez;Belgium
be1245;5000;Namur;Belgium
be1246;5001;Belgrade;Belgium
be1247;5002;Saint-Servais;Belgium
be1248;5003;Saint-Marc;Belgium
be1249;5004;Bouge;Belgium
be1250;5020;Champion;Belgium
be1251;5020;Daussoulx;Belgium
be1252;5020;Flawinne;Belgium
be1253;5020;Malonne;Belgium
be1254;5020;Suarlée;Belgium
be1255;5020;Temploux;Belgium
be1256;5020;Vedrin;Belgium
be1257;5021;Boninne;Belgium
be1258;5022;Cognelée;Belgium
be1259;5024;Gelbressée;Belgium
be1260;5024;Marche-les-Dames;Belgium
be1261;5030;Beuzet;Belgium
be1262;5030;Ernage;Belgium
be1263;5030;Gembloux;Belgium
be1264;5030;Grand-Manil;Belgium
be1265;5030;Lonzée;Belgium
be1266;5030;Sauvenière;Belgium
be1267;5031;Grand-Leez;Belgium
be1268;5032;Bossière;Belgium
be1269;5032;Bothey;Belgium
be1270;5032;Corroy-le-Château;Belgium
be1271;5032;Isnes;Belgium
be1272;5032;Mazy;Belgium
be1273;5060;Arsimont;Belgium
be1274;5060;Auvelais;Belgium
be1275;5060;Falisolle;Belgium
be1276;5060;Keumiée;Belgium
be1277;5060;Moignelée;Belgium
be1278;5060;Sambreville;Belgium
be1279;5060;Tamines;Belgium
be1280;5060;Velaine-sur-Sambre;Belgium
be1281;5070;Aisemont;Belgium
be1282;5070;Fosses-la-Ville;Belgium
be1283;5070;Le Roux;Belgium
be1284;5070;Sart-Eustache;Belgium
be1285;5070;Sart-Saint-Laurent;Belgium
be1286;5070;Vitrival;Belgium
be1287;5080;Emines;Belgium
be1288;5080;La Bruyère;Belgium
be1289;5080;Rhisnes;Belgium
be1290;5080;Villers-lez-Heest;Belgium
be1291;5080;Warisoulx;Belgium
be1292;5081;Bovesse;Belgium
be1293;5081;Meux;Belgium
be1294;5081;Saint-Denis-Bovesse;Belgium
be1295;5100;Dave;Belgium
be1296;5100;Jambes (Namur);Belgium
be1297;5100;Naninne;Belgium
be1298;5100;Wépion;Belgium
be1299;5100;Wierde;Belgium
be1300;5101;Erpent;Belgium
be1301;5101;Lives-sur-Meuse;Belgium
be1302;5101;Loyers;Belgium
be1303;5140;Boignée;Belgium
be1304;5140;Ligny;Belgium
be1305;5140;Sombreffe;Belgium
be1306;5140;Tongrinne;Belgium
be1307;5150;Floreffe;Belgium
be1308;5150;Floriffoux;Belgium
be1309;5150;Franière;Belgium
be1310;5150;Soye (Nam.);Belgium
be1311;5170;Arbre (Nam.);Belgium
be1312;5170;Bois-de-Villers;Belgium
be1313;5170;Lesve;Belgium
be1314;5170;Lustin;Belgium
be1315;5170;Profondeville;Belgium
be1316;5170;Rivière;Belgium
be1317;5190;Balâtre;Belgium
be1318;5190;Ham-sur-Sambre;Belgium
be1319;5190;Jemeppe-sur-Sambre;Belgium
be1320;5190;Mornimont;Belgium
be1321;5190;Moustier-sur-Sambre;Belgium
be1322;5190;Onoz;Belgium
be1323;5190;Saint-Martin;Belgium
be1324;5190;Spy;Belgium
be1325;5300;Andenne;Belgium
be1326;5300;Bonneville;Belgium
be1327;5300;Coutisse;Belgium
be1328;5300;Landenne;Belgium
be1329;5300;Maizeret;Belgium
be1330;5300;Namêche;Belgium
be1331;5300;Sclayn;Belgium
be1332;5300;Seilles;Belgium
be1333;5300;Thon;Belgium
be1334;5300;Vezin;Belgium
be1335;5310;Aische-en-Refail;Belgium
be1336;5310;Bolinne;Belgium
be1337;5310;Boneffe;Belgium
be1338;5310;Branchon;Belgium
be1339;5310;Dhuy;Belgium
be1340;5310;Eghezée;Belgium
be1341;5310;Hanret;Belgium
be1342;5310;Leuze (Nam.);Belgium
be1343;5310;Liernu;Belgium
be1344;5310;Longchamps (Nam.);Belgium
be1345;5310;Mehaigne;Belgium
be1346;5310;Noville-sur-Méhaigne;Belgium
be1347;5310;Saint-Germain;Belgium
be1348;5310;Taviers (Nam.);Belgium
be1349;5310;Upigny;Belgium
be1350;5310;Waret-la-Chaussée;Belgium
be1351;5330;Assesse;Belgium
be1352;5330;Maillen;Belgium
be1353;5330;Sart-Bernard;Belgium
be1354;5332;Crupet;Belgium
be1355;5333;Sorinne-la-Longue;Belgium
be1356;5334;Florée;Belgium
be1357;5336;Courrière;Belgium
be1358;5340;Faulx-les-Tombes;Belgium
be1359;5340;Gesves;Belgium
be1360;5340;Haltinne;Belgium
be1361;5340;Mozet;Belgium
be1362;5340;Sorée;Belgium
be1363;5350;Evelette;Belgium
be1364;5350;Ohey;Belgium
be1365;5351;Haillot;Belgium
be1366;5352;Perwez-Haillot;Belgium
be1367;5353;Goesnes;Belgium
be1368;5354;Jallet;Belgium
be1369;5360;Hamois;Belgium
be1370;5360;Natoye;Belgium
be1371;5361;Mohiville;Belgium
be1372;5361;Scy;Belgium
be1373;5362;Achet;Belgium
be1374;5363;Emptinne;Belgium
be1375;5364;Schaltin;Belgium
be1376;5370;Barvaux-Condroz;Belgium
be1377;5370;Flostoy;Belgium
be1378;5370;Havelange;Belgium
be1379;5370;Jeneffe (Nam.);Belgium
be1380;5370;Porcheresse (Nam.);Belgium
be1381;5370;Verlée;Belgium
be1382;5372;Méan;Belgium
be1383;5374;Maffe;Belgium
be1384;5376;Miécret;Belgium
be1385;5377;Baillonville;Belgium
be1386;5377;Bonsin;Belgium
be1387;5377;Heure (Nam.);Belgium
be1388;5377;Hogne;Belgium
be1389;5377;Nettinne;Belgium
be1390;5377;Noiseux;Belgium
be1391;5377;Sinsin;Belgium
be1392;5377;Somme-Leuze;Belgium
be1393;5377;Waillet;Belgium
be1394;5380;Bierwart;Belgium
be1395;5380;Cortil-Wodon;Belgium
be1396;5380;Fernelmont;Belgium
be1397;5380;Forville;Belgium
be1398;5380;Franc-Waret;Belgium
be1399;5380;Hemptinne (Fernelmont);Belgium
be1400;5380;Hingeon;Belgium
be1401;5380;Marchovelette;Belgium
be1402;5380;Noville-les-Bois;Belgium
be1403;5380;Pontillas;Belgium
be1404;5380;Tillier;Belgium
be1405;5500;Anseremme;Belgium
be1406;5500;Bouvignes-sur-Meuse;Belgium
be1407;5500;Dinant;Belgium
be1408;5500;Dréhance;Belgium
be1409;5500;Falmagne;Belgium
be1410;5500;Falmignoul;Belgium
be1411;5500;Furfooz;Belgium
be1412;5501;Lisogne;Belgium
be1413;5502;Thynes;Belgium
be1414;5503;Sorinnes;Belgium
be1415;5504;Foy-Notre-Dame;Belgium
be1416;5520;Anthée;Belgium
be1417;5520;Onhaye;Belgium
be1418;5521;Serville;Belgium
be1419;5522;Falaën;Belgium
be1420;5523;Sommière;Belgium
be1421;5523;Weillen;Belgium
be1422;5524;Gerin;Belgium
be1423;5530;Dorinne;Belgium
be1424;5530;Durnal;Belgium
be1425;5530;Evrehailles;Belgium
be1426;5530;Godinne;Belgium
be1427;5530;Houx;Belgium
be1428;5530;Mont (Nam.);Belgium
be1429;5530;Purnode;Belgium
be1430;5530;Spontin;Belgium
be1431;5530;Yvoir;Belgium
be1432;5537;Anhée;Belgium
be1433;5537;Annevoie-Rouillon;Belgium
be1434;5537;Bioul;Belgium
be1435;5537;Denée;Belgium
be1436;5537;Haut-le-Wastia;Belgium
be1437;5537;Sosoye;Belgium
be1438;5537;Warnant;Belgium
be1439;5540;Hastière;Belgium
be1440;5540;Hastière-Lavaux;Belgium
be1441;5540;Hermeton-sur-Meuse;Belgium
be1442;5540;Waulsort;Belgium
be1443;5541;Hastière-par-Delà;Belgium
be1444;5542;Blaimont;Belgium
be1445;5543;Heer;Belgium
be1446;5544;Agimont;Belgium
be1447;5550;Alle;Belgium
be1448;5550;Bagimont;Belgium
be1449;5550;Bohan;Belgium
be1450;5550;Chairière;Belgium
be1451;5550;Laforêt;Belgium
be1452;5550;Membre;Belgium
be1453;5550;Mouzaive;Belgium
be1454;5550;Nafraiture;Belgium
be1455;5550;Orchimont;Belgium
be1456;5550;Pussemange;Belgium
be1457;5550;Sugny;Belgium
be1458;5550;Vresse-sur-Semois;Belgium
be1459;5555;Baillamont;Belgium
be1460;5555;Bellefontaine (Nam.);Belgium
be1461;5555;Bievre;Belgium
be1462;5555;Cornimont;Belgium
be1463;5555;Graide;Belgium
be1464;5555;Gros-Fays;Belgium
be1465;5555;Monceau-en-Ardenne;Belgium
be1466;5555;Naomé;Belgium
be1467;5555;Oizy;Belgium
be1468;5555;Petit-Fays;Belgium
be1469;5560;Ciergnon;Belgium
be1470;5560;Finnevaux;Belgium
be1471;5560;Houyet;Belgium
be1472;5560;Hulsonniaux;Belgium
be1473;5560;Mesnil-Eglise;Belgium
be1474;5560;Mesnil-Saint-Blaise;Belgium
be1475;5561;Celles (Nam.);Belgium
be1476;5562;Custinne;Belgium
be1477;5563;Hour;Belgium
be1478;5564;Wanlin;Belgium
be1479;5570;Baronville;Belgium
be1480;5570;Beauraing;Belgium
be1481;5570;Dion;Belgium
be1482;5570;Felenne;Belgium
be1483;5570;Feschaux;Belgium
be1484;5570;Honnay;Belgium
be1485;5570;Javingue;Belgium
be1486;5570;Vonêche;Belgium
be1487;5570;Wancennes;Belgium
be1488;5570;Winenne;Belgium
be1489;5571;Wiesme;Belgium
be1490;5572;Focant;Belgium
be1491;5573;Martouzin-Neuville;Belgium
be1492;5574;Pondrôme;Belgium
be1493;5575;Bourseigne-Neuve;Belgium
be1494;5575;Bourseigne-Vieille;Belgium
be1495;5575;Gedinne;Belgium
be1496;5575;Houdremont;Belgium
be1497;5575;Louette-Saint-Denis;Belgium
be1498;5575;Louette-Saint-Pierre;Belgium
be1499;5575;Malvoisin;Belgium
be1500;5575;Patignies;Belgium
be1501;5575;Rienne;Belgium
be1502;5575;Sart-Custinne;Belgium
be1503;5575;Vencimont;Belgium
be1504;5575;Willerzie;Belgium
be1505;5576;Froidfontaine;Belgium
be1506;5580;Ave-et-Auffe;Belgium
be1507;5580;Buissonville;Belgium
be1508;5580;Eprave;Belgium
be1509;5580;Han-sur-Lesse;Belgium
be1510;5580;Jemelle;Belgium
be1511;5580;Lavaux-Sainte-Anne;Belgium
be1512;5580;Lessive;Belgium
be1513;5580;Mont-Gauthier;Belgium
be1514;5580;Rochefort;Belgium
be1515;5580;Villers-sur-Lesse;Belgium
be1516;5580;Wavreille;Belgium
be1517;5590;Achêne;Belgium
be1518;5590;Braibant;Belgium
be1519;5590;Chevetogne;Belgium
be1520;5590;Ciney;Belgium
be1521;5590;Conneux;Belgium
be1522;5590;Haversin;Belgium
be1523;5590;Leignon;Belgium
be1524;5590;Pessoux;Belgium
be1525;5590;Serinchamps;Belgium
be1526;5590;Sovet;Belgium
be1527;5600;Fagnolle;Belgium
be1528;5600;Franchimont;Belgium
be1529;5600;Jamagne;Belgium
be1530;5600;Jamiolle;Belgium
be1531;5600;Merlemont;Belgium
be1532;5600;Neuville (Philippeville);Belgium
be1533;5600;Omezée;Belgium
be1534;5600;Philippeville;Belgium
be1535;5600;Roly;Belgium
be1536;5600;Romedenne;Belgium
be1537;5600;Samart;Belgium
be1538;5600;Sart-en-Fagne;Belgium
be1539;5600;Sautour;Belgium
be1540;5600;Surice;Belgium
be1541;5600;Villers-en-Fagne;Belgium
be1542;5600;Villers-le-Gambon;Belgium
be1543;5600;Vodecée;Belgium
be1544;5620;Corenne;Belgium
be1545;5620;Flavion;Belgium
be1546;5620;Florennes;Belgium
be1547;5620;Hemptinne-lez-Florennes;Belgium
be1548;5620;Morville;Belgium
be1549;5620;Rosée;Belgium
be1550;5620;Saint-Aubin;Belgium
be1551;5621;Hanzinelle;Belgium
be1552;5621;Hanzinne;Belgium
be1553;5621;Morialmé;Belgium
be1554;5621;Thy-le-Bauduin;Belgium
be1555;5630;Cerfontaine;Belgium
be1556;5630;Daussois;Belgium
be1557;5630;Senzeille;Belgium
be1558;5630;Silenrieux;Belgium
be1559;5630;Soumoy;Belgium
be1560;5630;Villers-Deux-Eglises;Belgium
be1561;5640;Biesme;Belgium
be1562;5640;Biesmerée;Belgium
be1563;5640;Graux;Belgium
be1564;5640;Mettet;Belgium
be1565;5640;Oret;Belgium
be1566;5640;Saint-Gérard;Belgium
be1567;5641;Furnaux;Belgium
be1568;5644;Ermeton-sur-Biert;Belgium
be1569;5646;Stave;Belgium
be1570;5650;Castillon;Belgium
be1571;5650;Chastrès;Belgium
be1572;5650;Clermont (Nam.);Belgium
be1573;5650;Fontenelle;Belgium
be1574;5650;Fraire;Belgium
be1575;5650;Pry;Belgium
be1576;5650;Vogenée;Belgium
be1577;5650;Walcourt;Belgium
be1578;5650;Yves-Gomezée;Belgium
be1579;5651;Berzée;Belgium
be1580;5651;Gourdinne;Belgium
be1581;5651;Laneffe;Belgium
be1582;5651;Rognée;Belgium
be1583;5651;Somzée;Belgium
be1584;5651;Tarcienne;Belgium
be1585;5651;Thy-le-Château;Belgium
be1586;5660;Aublain;Belgium
be1587;5660;Boussu-en-Fagne;Belgium
be1588;5660;Brûly;Belgium
be1589;5660;Brûly-de-Pesche;Belgium
be1590;5660;Couvin;Belgium
be1591;5660;Cul-des-Sarts;Belgium
be1592;5660;Dailly;Belgium
be1593;5660;Frasnes (Nam.);Belgium
be1594;5660;Gonrieux;Belgium
be1595;5660;Mariembourg;Belgium
be1596;5660;Pesche;Belgium
be1597;5660;Petigny;Belgium
be1598;5660;Petite-Chapelle;Belgium
be1599;5660;Presgaux;Belgium
be1600;5670;Dourbes;Belgium
be1601;5670;Le Mesnil;Belgium
be1602;5670;Mazée;Belgium
be1603;5670;Nismes;Belgium
be1604;5670;Oignies-en-Thiérache;Belgium
be1605;5670;Olloy-sur-Viroin;Belgium
be1606;5670;Treignes;Belgium
be1607;5670;Vierves-sur-Viroin;Belgium
be1608;5670;Viroinval;Belgium
be1609;5680;Doische;Belgium
be1610;5680;Gimnée;Belgium
be1611;5680;Gochenée;Belgium
be1612;5680;Matagne-la-Grande;Belgium
be1613;5680;Matagne-la-Petite;Belgium
be1614;5680;Niverlée;Belgium
be1615;5680;Romerée;Belgium
be1616;5680;Soulme;Belgium
be1617;5680;Vaucelles;Belgium
be1618;5680;Vodelée;Belgium
be1619;6000;Charleroi;Belgium
be1620;6001;Marcinelle;Belgium
be1621;6010;Couillet;Belgium
be1622;6020;Dampremy;Belgium
be1623;6030;Goutroux;Belgium
be1624;6030;Marchienne-au-Pont;Belgium
be1625;6031;Monceau-sur-Sambre;Belgium
be1626;6032;Mont-sur-Marchienne;Belgium
be1627;6040;Jumet (Charleroi);Belgium
be1628;6041;Gosselies;Belgium
be1629;6042;Lodelinsart;Belgium
be1630;6043;Ransart;Belgium
be1631;6044;Roux;Belgium
be1632;6060;Gilly (Charleroi);Belgium
be1633;6061;Montignies-sur-Sambre;Belgium
be1634;6110;Montigny-le-Tilleul;Belgium
be1635;6111;Landelies;Belgium
be1636;6120;Cour-sur-Heure;Belgium
be1637;6120;Ham-sur-Heure;Belgium
be1638;6120;Ham-sur-Heure-Nalinnes;Belgium
be1639;6120;Jamioulx;Belgium
be1640;6120;Marbaix (Ht.);Belgium
be1641;6120;Nalinnes;Belgium
be1642;6140;Fontaine-l'Evêque;Belgium
be1643;6141;Forchies-la-Marche;Belgium
be1644;6142;Leernes;Belgium
be1645;6150;Anderlues;Belgium
be1646;6180;Courcelles;Belgium
be1647;6181;Gouy-lez-Piéton;Belgium
be1648;6182;Souvret;Belgium
be1649;6183;Trazegnies;Belgium
be1650;6200;Bouffioulx;Belgium
be1651;6200;Châtelet;Belgium
be1652;6200;Châtelineau;Belgium
be1653;6210;Frasnes-lez-Gosselies;Belgium
be1654;6210;Les Bons Villers;Belgium
be1655;6210;Rèves;Belgium
be1656;6210;Villers-Perwin;Belgium
be1657;6210;Wayaux;Belgium
be1658;6211;Mellet;Belgium
be1659;6220;Fleurus;Belgium
be1660;6220;Heppignies;Belgium
be1661;6220;Lambusart;Belgium
be1662;6220;Wangenies;Belgium
be1663;6221;Saint-Amand;Belgium
be1664;6222;Brye;Belgium
be1665;6223;Wagnelée;Belgium
be1666;6224;Wanfercée-Baulet;Belgium
be1667;6230;Buzet;Belgium
be1668;6230;Obaix;Belgium
be1669;6230;Pont-à-Celles;Belgium
be1670;6230;Thiméon;Belgium
be1671;6230;Viesville;Belgium
be1672;6238;Liberchies;Belgium
be1673;6238;Luttre;Belgium
be1674;6240;Farciennes;Belgium
be1675;6240;Pironchamps;Belgium
be1676;6250;Aiseau;Belgium
be1677;6250;Aiseau-Presles;Belgium
be1678;6250;Pont-de-Loup;Belgium
be1679;6250;Presles;Belgium
be1680;6250;Roselies;Belgium
be1681;6280;Acoz;Belgium
be1682;6280;Gerpinnes;Belgium
be1683;6280;Gougnies;Belgium
be1684;6280;Joncret;Belgium
be1685;6280;Loverval;Belgium
be1686;6280;Villers-Poterie;Belgium
be1687;6440;Boussu-lez-Walcourt;Belgium
be1688;6440;Fourbechies;Belgium
be1689;6440;Froidchapelle;Belgium
be1690;6440;Vergnies;Belgium
be1691;6441;Erpion;Belgium
be1692;6460;Bailièvre;Belgium
be1693;6460;Chimay;Belgium
be1694;6460;Robechies;Belgium
be1695;6460;Saint-Remy (Ht.);Belgium
be1696;6460;Salles;Belgium
be1697;6460;Villers-la-Tour;Belgium
be1698;6461;Virelles;Belgium
be1699;6462;Vaulx-lez-Chimay;Belgium
be1700;6463;Lompret;Belgium
be1701;6464;Baileux;Belgium
be1702;6464;Bourlers;Belgium
be1703;6464;Forges;Belgium
be1704;6464;l'Escaillère;Belgium
be1705;6464;Rièzes;Belgium
be1706;6470;Grandrieu;Belgium
be1707;6470;Montbliart;Belgium
be1708;6470;Rance;Belgium
be1709;6470;Sautin;Belgium
be1710;6470;Sivry;Belgium
be1711;6470;Sivry-Rance;Belgium
be1712;6500;Barbençon;Belgium
be1713;6500;Beaumont;Belgium
be1714;6500;Leugnies;Belgium
be1715;6500;Leval-Chaudeville;Belgium
be1716;6500;Renlies;Belgium
be1717;6500;Solre-Saint-Géry;Belgium
be1718;6500;Thirimont;Belgium
be1719;6511;Strée (Ht.);Belgium
be1720;6530;Leers-et-Fosteau;Belgium
be1721;6530;Thuin;Belgium
be1722;6531;Biesme-sous-Thuin;Belgium
be1723;6532;Ragnies;Belgium
be1724;6533;Biercée;Belgium
be1725;6534;Gozée;Belgium
be1726;6536;Donstiennes;Belgium
be1727;6536;Thuillies;Belgium
be1728;6540;Lobbes;Belgium
be1729;6540;Mont-Sainte-Geneviève;Belgium
be1730;6542;Sars-la-Buissière;Belgium
be1731;6543;Bienne-lez-Happart;Belgium
be1732;6560;Bersillies-l'Abbaye;Belgium
be1733;6560;Erquelinnes;Belgium
be1734;6560;Grand-Reng;Belgium
be1735;6560;Hantes-Wihéries;Belgium
be1736;6560;Montignies-Saint-Christophe;Belgium
be1737;6560;Solre-sur-Sambre;Belgium
be1738;6567;Fontaine-Valmont;Belgium
be1739;6567;Labuissière;Belgium
be1740;6567;Merbes-le-Château;Belgium
be1741;6567;Merbes-Sainte-Marie;Belgium
be1742;6590;Momignies;Belgium
be1743;6591;Macon;Belgium
be1744;6592;Monceau-Imbrechies;Belgium
be1745;6593;Macquenoise;Belgium
be1746;6594;Beauwelz;Belgium
be1747;6596;Forge-Philippe;Belgium
be1748;6596;Seloignes;Belgium
be1749;6600;Bastogne;Belgium
be1750;6600;Longvilly;Belgium
be1751;6600;Noville (Lux.);Belgium
be1752;6600;Villers-la-Bonne-Eau;Belgium
be1753;6600;Wardin;Belgium
be1754;6630;Martelange;Belgium
be1755;6637;Fauvillers;Belgium
be1756;6637;Hollange;Belgium
be1757;6637;Tintange;Belgium
be1758;6640;Hompré;Belgium
be1759;6640;Morhet;Belgium
be1760;6640;Nives;Belgium
be1761;6640;Sibret;Belgium
be1762;6640;Vaux-lez-Rosières;Belgium
be1763;6640;Vaux-sur-Sure;Belgium
be1764;6642;Juseret;Belgium
be1765;6660;Houffalize;Belgium
be1766;6660;Nadrin;Belgium
be1767;6661;Mont (Lux.);Belgium
be1768;6661;Tailles;Belgium
be1769;6662;Tavigny;Belgium
be1770;6663;Mabompré;Belgium
be1771;6666;Wibrin;Belgium
be1772;6670;Gouvy;Belgium
be1773;6670;Limerlé;Belgium
be1774;6671;Bovigny;Belgium
be1775;6672;Beho;Belgium
be1776;6673;Cherain;Belgium
be1777;6674;Montleban;Belgium
be1778;6680;Amberloup;Belgium
be1779;6680;Sainte-Ode;Belgium
be1780;6680;Tillet;Belgium
be1781;6681;Lavacherie;Belgium
be1782;6686;Flamierge;Belgium
be1783;6687;Bertogne;Belgium
be1784;6688;Longchamps (Lux.);Belgium
be1785;6690;Bihain;Belgium
be1786;6690;Vielsalm;Belgium
be1787;6692;Petit-Thier;Belgium
be1788;6698;Grand-Halleux;Belgium
be1789;6700;Arlon;Belgium
be1790;6700;Bonnert;Belgium
be1791;6700;Heinsch;Belgium
be1792;6700;Toernich;Belgium
be1793;6704;Guirsch;Belgium
be1794;6706;Autelbas;Belgium
be1795;6717;Attert;Belgium
be1796;6717;Nobressart;Belgium
be1797;6717;Nothomb;Belgium
be1798;6717;Thiaumont;Belgium
be1799;6717;Tontelange;Belgium
be1800;6720;Habay;Belgium
be1801;6720;Habay-la-Neuve;Belgium
be1802;6720;Hachy;Belgium
be1803;6721;Anlier;Belgium
be1804;6723;Habay-la-Vieille;Belgium
be1805;6724;Houdemont;Belgium
be1806;6724;Marbehan;Belgium
be1807;6724;Rulles;Belgium
be1808;6730;Bellefontaine (Lux.);Belgium
be1809;6730;Rossignol;Belgium
be1810;6730;Saint-Vincent;Belgium
be1811;6730;Tintigny;Belgium
be1812;6740;Etalle;Belgium
be1813;6740;Sainte-Marie-sur-Semois;Belgium
be1814;6740;Villers-sur-Semois;Belgium
be1815;6741;Vance;Belgium
be1816;6742;Chantemelle;Belgium
be1817;6743;Buzenol;Belgium
be1818;6747;Châtillon;Belgium
be1819;6747;Meix-le-Tige;Belgium
be1820;6747;Saint-Léger (Lux.);Belgium
be1821;6750;Musson;Belgium
be1822;6750;Mussy-la-Ville;Belgium
be1823;6750;Signeulx;Belgium
be1824;6760;Bleid;Belgium
be1825;6760;Ethe;Belgium
be1826;6760;Ruette;Belgium
be1827;6760;Virton;Belgium
be1828;6761;Latour;Belgium
be1829;6762;Saint-Mard;Belgium
be1830;6767;Dampicourt;Belgium
be1831;6767;Harnoncourt;Belgium
be1832;6767;Lamorteau;Belgium
be1833;6767;Rouvroy;Belgium
be1834;6767;Torgny;Belgium
be1835;6769;Gérouville;Belgium
be1836;6769;Meix-Devant-Virton;Belgium
be1837;6769;Robelmont;Belgium
be1838;6769;Sommethonne;Belgium
be1839;6769;Villers-la-Loue;Belgium
be1840;6780;Hondelange;Belgium
be1841;6780;Messancy;Belgium
be1842;6780;Wolkrange;Belgium
be1843;6781;Sélange;Belgium
be1844;6782;Habergy;Belgium
be1845;6790;Aubange;Belgium
be1846;6791;Athus;Belgium
be1847;6792;Halanzy;Belgium
be1848;6792;Rachecourt;Belgium
be1849;6800;Bras;Belgium
be1850;6800;Freux;Belgium
be1851;6800;Libramont-Chevigny;Belgium
be1852;6800;Moircy;Belgium
be1853;6800;Recogne;Belgium
be1854;6800;Remagne;Belgium
be1855;6800;Sainte-Marie-Chevigny;Belgium
be1856;6800;Saint-Pierre;Belgium
be1857;6810;Chiny;Belgium
be1858;6810;Izel;Belgium
be1859;6810;Jamoigne;Belgium
be1860;6811;Les Bulles;Belgium
be1861;6812;Suxy;Belgium
be1862;6813;Termes;Belgium
be1863;6820;Florenville;Belgium
be1864;6820;Fontenoille;Belgium
be1865;6820;Muno;Belgium
be1866;6820;Sainte-Cécile;Belgium
be1867;6821;Lacuisine;Belgium
be1868;6823;Villers-Devant-Orval;Belgium
be1869;6824;Chassepierre;Belgium
be1870;6830;Bouillon;Belgium
be1871;6830;Les Hayons;Belgium
be1872;6830;Poupehan;Belgium
be1873;6830;Rochehaut;Belgium
be1874;6831;Noirefontaine;Belgium
be1875;6832;Sensenruth;Belgium
be1876;6833;Ucimont;Belgium
be1877;6833;Vivy;Belgium
be1878;6834;Bellevaux;Belgium
be1879;6836;Dohan;Belgium
be1880;6838;Corbion;Belgium
be1881;6840;Grandvoir;Belgium
be1882;6840;Grapfontaine;Belgium
be1883;6840;Hamipré;Belgium
be1884;6840;Longlier;Belgium
be1885;6840;Neufchâteau;Belgium
be1886;6840;Tournay;Belgium
be1887;6850;Carlsbourg;Belgium
be1888;6850;Offagne;Belgium
be1889;6850;Paliseul;Belgium
be1890;6851;Nollevaux;Belgium
be1891;6852;Maissin;Belgium
be1892;6852;Opont;Belgium
be1893;6853;Framont;Belgium
be1894;6856;Fays-les-Veneurs;Belgium
be1895;6860;Assenois;Belgium
be1896;6860;Ebly;Belgium
be1897;6860;Léglise;Belgium
be1898;6860;Mellier;Belgium
be1899;6860;Witry;Belgium
be1900;6870;Arville;Belgium
be1901;6870;Awenne;Belgium
be1902;6870;Hatrival;Belgium
be1903;6870;Mirwart;Belgium
be1904;6870;Saint-Hubert;Belgium
be1905;6870;Vesqueville;Belgium
be1906;6880;Auby-sur-Semois;Belgium
be1907;6880;Bertrix;Belgium
be1908;6880;Cugnon;Belgium
be1909;6880;Jehonville;Belgium
be1910;6880;Orgeo;Belgium
be1911;6887;Herbeumont;Belgium
be1912;6887;Saint-Médard;Belgium
be1913;6887;Straimont;Belgium
be1914;6890;Anloy;Belgium
be1915;6890;Libin;Belgium
be1916;6890;Ochamps;Belgium
be1917;6890;Redu;Belgium
be1918;6890;Smuid;Belgium
be1919;6890;Transinne;Belgium
be1920;6890;Villance;Belgium
be1921;6900;Aye;Belgium
be1922;6900;Hargimont;Belgium
be1923;6900;Humain;Belgium
be1924;6900;Marche-en-Famenne;Belgium
be1925;6900;On;Belgium
be1926;6900;Roy;Belgium
be1927;6900;Waha;Belgium
be1928;6920;Sohier;Belgium
be1929;6920;Wellin;Belgium
be1930;6921;Chanly;Belgium
be1931;6922;Halma;Belgium
be1932;6924;Lomprez;Belgium
be1933;6927;Bure;Belgium
be1934;6927;Grupont;Belgium
be1935;6927;Resteigne;Belgium
be1936;6927;Tellin;Belgium
be1937;6929;Daverdisse;Belgium
be1938;6929;Gembes;Belgium
be1939;6929;Haut-Fays;Belgium
be1940;6929;Porcheresse (Lux.);Belgium
be1941;6940;Barvaux-sur-Ourthe;Belgium
be1942;6940;Durbuy;Belgium
be1943;6940;Grandhan;Belgium
be1944;6940;Septon;Belgium
be1945;6940;Wéris;Belgium
be1946;6941;Bende;Belgium
be1947;6941;Bomal-sur-Ourthe;Belgium
be1948;6941;Borlon;Belgium
be1949;6941;Heyd;Belgium
be1950;6941;Izier;Belgium
be1951;6941;Tohogne;Belgium
be1952;6941;Villers-Sainte-Gertrude;Belgium
be1953;6950;Harsin;Belgium
be1954;6950;Nassogne;Belgium
be1955;6951;Bande;Belgium
be1956;6952;Grune;Belgium
be1957;6953;Ambly;Belgium
be1958;6953;Forrières;Belgium
be1959;6953;Lesterny;Belgium
be1960;6953;Masbourg;Belgium
be1961;6960;Dochamps;Belgium
be1962;6960;Grandmenil;Belgium
be1963;6960;Harre;Belgium
be1964;6960;Malempré;Belgium
be1965;6960;Manhay;Belgium
be1966;6960;Odeigne;Belgium
be1967;6960;Vaux-Chavanne;Belgium
be1968;6970;Tenneville;Belgium
be1969;6971;Champlon;Belgium
be1970;6972;Erneuville;Belgium
be1971;6980;Beausaint;Belgium
be1972;6980;La Roche-en-Ardenne;Belgium
be1973;6982;Samrée;Belgium
be1974;6983;Ortho;Belgium
be1975;6984;Hives;Belgium
be1976;6986;Halleux;Belgium
be1977;6987;Beffe;Belgium
be1978;6987;Hodister;Belgium
be1979;6987;Marcourt;Belgium
be1980;6987;Rendeux;Belgium
be1981;6990;Fronville;Belgium
be1982;6990;Hampteau;Belgium
be1983;6990;Hotton;Belgium
be1984;6990;Marenne;Belgium
be1985;6997;Amonines;Belgium
be1986;6997;Erezée;Belgium
be1987;6997;Mormont;Belgium
be1988;6997;Soy;Belgium
be1989;7000;Mons;Belgium
be1990;7010;S.H.A.P.E. België;Belgium
be1991;7010;S.H.A.P.E. Belgique;Belgium
be1992;7011;Ghlin;Belgium
be1993;7012;Flénu;Belgium
be1994;7012;Jemappes;Belgium
be1995;7020;Maisières;Belgium
be1996;7020;Nimy;Belgium
be1997;7021;Havré;Belgium
be1998;7022;Harmignies;Belgium
be1999;7022;Harveng;Belgium
be2000;7022;Hyon;Belgium
be2001;7022;Mesvin;Belgium
be2002;7022;Nouvelles;Belgium
be2003;7024;Ciply;Belgium
be2004;7030;Saint-Symphorien;Belgium
be2005;7031;Villers-Saint-Ghislain;Belgium
be2006;7032;Spiennes;Belgium
be2007;7033;Cuesmes;Belgium
be2008;7034;Obourg;Belgium
be2009;7034;Saint-Denis (Ht.);Belgium
be2010;7040;Asquillies;Belgium
be2011;7040;Aulnois;Belgium
be2012;7040;Blaregnies;Belgium
be2013;7040;Bougnies;Belgium
be2014;7040;Genly;Belgium
be2015;7040;Goegnies-Chaussée;Belgium
be2016;7040;Quévy;Belgium
be2017;7040;Quévy-le-Grand;Belgium
be2018;7040;Quévy-le-Petit;Belgium
be2019;7041;Givry;Belgium
be2020;7041;Havay;Belgium
be2021;7050;Erbaut;Belgium
be2022;7050;Erbisoeul;Belgium
be2023;7050;Herchies;Belgium
be2024;7050;Jurbise;Belgium
be2025;7050;Masnuy-Saint-Jean (Jurbise);Belgium
be2026;7050;Masnuy-Saint-Pierre;Belgium
be2027;7060;Horrues;Belgium
be2028;7060;Soignies;Belgium
be2029;7061;Casteau (Soignies);Belgium
be2030;7061;Thieusies;Belgium
be2031;7062;Naast;Belgium
be2032;7063;Chaussée-Notre-Dame-Louvignies;Belgium
be2033;7063;Neufvilles;Belgium
be2034;7070;Gottignies;Belgium
be2035;7070;Le Roeulx;Belgium
be2036;7070;Mignault;Belgium
be2037;7070;Thieu;Belgium
be2038;7070;Ville-sur-Haine (Le Roeulx);Belgium
be2039;7080;Eugies (Frameries);Belgium
be2040;7080;Frameries;Belgium
be2041;7080;La Bouverie;Belgium
be2042;7080;Noirchain;Belgium
be2043;7080;Sars-la-Bruyère;Belgium
be2044;7090;Braine-le-Comte;Belgium
be2045;7090;Hennuyères;Belgium
be2046;7090;Henripont;Belgium
be2047;7090;Petit-Roeulx-lez-Braine;Belgium
be2048;7090;Ronquières;Belgium
be2049;7090;Steenkerque (Ht.);Belgium
be2050;7100;Haine-Saint-Paul;Belgium
be2051;7100;Haine-Saint-Pierre;Belgium
be2052;7100;La Louvière;Belgium
be2053;7100;Saint-Vaast;Belgium
be2054;7100;Trivières;Belgium
be2055;7110;Boussoit;Belgium
be2056;7110;Houdeng-Aimeries;Belgium
be2057;7110;Houdeng-Goegnies (La Louvière);Belgium
be2058;7110;Maurage;Belgium
be2059;7110;Strépy-Bracquegnies;Belgium
be2060;7120;Croix-lez-Rouveroy;Belgium
be2061;7120;Estinnes;Belgium
be2062;7120;Estinnes-au-Mont;Belgium
be2063;7120;Estinnes-au-Val;Belgium
be2064;7120;Fauroeulx;Belgium
be2065;7120;Haulchin;Belgium
be2066;7120;Peissant;Belgium
be2067;7120;Rouveroy (Ht.);Belgium
be2068;7120;Vellereille-les-Brayeux;Belgium
be2069;7120;Vellereille-le-Sec;Belgium
be2070;7130;Battignies;Belgium
be2071;7130;Binche;Belgium
be2072;7130;Bray;Belgium
be2073;7131;Waudrez;Belgium
be2074;7133;Buvrinnes;Belgium
be2075;7134;Epinois;Belgium
be2076;7134;Leval-Trahegnies;Belgium
be2077;7134;Péronnes-lez-Binche;Belgium
be2078;7134;Ressaix;Belgium
be2079;7140;Morlanwelz;Belgium
be2080;7140;Morlanwelz-Mariemont;Belgium
be2081;7141;Carnières;Belgium
be2082;7141;Mont-Sainte-Aldegonde;Belgium
be2083;7160;Chapelle-lez-Herlaimont;Belgium
be2084;7160;Godarville;Belgium
be2085;7160;Piéton;Belgium
be2086;7170;Bellecourt;Belgium
be2087;7170;Bois-d'Haine;Belgium
be2088;7170;Fayt-lez-Manage;Belgium
be2089;7170;La Hestre;Belgium
be2090;7170;Manage;Belgium
be2091;7180;Seneffe;Belgium
be2092;7181;Arquennes;Belgium
be2093;7181;Familleureux;Belgium
be2094;7181;Feluy;Belgium
be2095;7181;Petit-Roeulx-lez-Nivelles;Belgium
be2096;7190;Ecaussinnes;Belgium
be2097;7190;Ecaussinnes-d'Enghien;Belgium
be2098;7190;Marche-lez-Ecaussinnes;Belgium
be2099;7191;Ecaussinnes-Lalaing;Belgium
be2100;7300;Boussu;Belgium
be2101;7301;Hornu;Belgium
be2102;7320;Bernissart;Belgium
be2103;7321;Blaton;Belgium
be2104;7321;Harchies;Belgium
be2105;7322;Pommeroeul;Belgium
be2106;7322;Ville-Pommeroeul;Belgium
be2107;7330;Saint-Ghislain;Belgium
be2108;7331;Baudour;Belgium
be2109;7332;Neufmaison;Belgium
be2110;7332;Sirault;Belgium
be2111;7333;Tertre;Belgium
be2112;7334;Hautrage;Belgium
be2113;7334;Villerot;Belgium
be2114;7340;Colfontaine;Belgium
be2115;7340;Paturages;Belgium
be2116;7340;Warquignies;Belgium
be2117;7340;Wasmes;Belgium
be2118;7350;Hainin;Belgium
be2119;7350;Hensies;Belgium
be2120;7350;Montroeul-sur-Haine;Belgium
be2121;7350;Thulin;Belgium
be2122;7370;Blaugies;Belgium
be2123;7370;Dour;Belgium
be2124;7370;Elouges;Belgium
be2125;7370;Wihéries;Belgium
be2126;7380;Baisieux;Belgium
be2127;7380;Quiévrain;Belgium
be2128;7382;Audregnies;Belgium
be2129;7387;Angre;Belgium
be2130;7387;Angreau;Belgium
be2131;7387;Athis;Belgium
be2132;7387;Autreppe;Belgium
be2133;7387;Erquennes;Belgium
be2134;7387;Fayt-le-Franc;Belgium
be2135;7387;Honnelles;Belgium
be2136;7387;Marchipont;Belgium
be2137;7387;Montignies-sur-Roc;Belgium
be2138;7387;Onnezies;Belgium
be2139;7387;Roisin;Belgium
be2140;7390;Quaregnon;Belgium
be2141;7390;Wasmuel;Belgium
be2142;7500;Ere;Belgium
be2143;7500;Saint-Maur;Belgium
be2144;7500;Tournai;Belgium
be2145;7501;Orcq;Belgium
be2146;7502;Esplechin;Belgium
be2147;7503;Froyennes;Belgium
be2148;7504;Froidmont;Belgium
be2149;7506;Willemeau;Belgium
be2150;7520;Ramegnies-Chin;Belgium
be2151;7520;Templeuve;Belgium
be2152;7521;Chercq;Belgium
be2153;7522;Blandain;Belgium
be2154;7522;Hertain;Belgium
be2155;7522;Lamain;Belgium
be2156;7522;Marquain;Belgium
be2157;7530;Gaurain-Ramecroix (Tournai);Belgium
be2158;7531;Havinnes;Belgium
be2159;7532;Beclers;Belgium
be2160;7533;Thimougies;Belgium
be2161;7534;Barry;Belgium
be2162;7534;Maulde;Belgium
be2163;7536;Vaulx (Tournai);Belgium
be2164;7538;Vezon;Belgium
be2165;7540;Kain;Belgium
be2166;7540;Melles;Belgium
be2167;7540;Quartes;Belgium
be2168;7540;Rumillies;Belgium
be2169;7542;Mont-Saint-Aubert;Belgium
be2170;7543;Mourcourt;Belgium
be2171;7548;Warchin;Belgium
be2172;7600;Péruwelz;Belgium
be2173;7601;Roucourt;Belgium
be2174;7602;Bury;Belgium
be2175;7603;Bon-Secours;Belgium
be2176;7604;Baugnies;Belgium
be2177;7604;Braffe;Belgium
be2178;7604;Brasmenil;Belgium
be2179;7604;Callenelle;Belgium
be2180;7604;Wasmes-Audemez-Briffoeil;Belgium
be2181;7608;Wiers;Belgium
be2182;7610;Rumes;Belgium
be2183;7611;La Glanerie;Belgium
be2184;7618;Taintignies;Belgium
be2185;7620;Bléharies;Belgium
be2186;7620;Brunehaut;Belgium
be2187;7620;Guignies;Belgium
be2188;7620;Hollain;Belgium
be2189;7620;Jollain-Merlin;Belgium
be2190;7620;Wez-Velvain;Belgium
be2191;7621;Lesdain;Belgium
be2192;7622;Laplaigne;Belgium
be2193;7623;Rongy;Belgium
be2194;7624;Howardries;Belgium
be2195;7640;Antoing;Belgium
be2196;7640;Maubray;Belgium
be2197;7640;Péronnes-lez-Antoing;Belgium
be2198;7641;Bruyelle;Belgium
be2199;7642;Calonne;Belgium
be2200;7643;Fontenoy;Belgium
be2201;7700;Luingne;Belgium
be2202;7700;Moeskroen;Belgium
be2203;7700;Mouscron;Belgium
be2204;7711;Dottenijs;Belgium
be2205;7711;Dottignies;Belgium
be2206;7712;Herseaux;Belgium
be2207;7730;Bailleul;Belgium
be2208;7730;Estaimbourg;Belgium
be2209;7730;Estaimpuis;Belgium
be2210;7730;Evregnies;Belgium
be2211;7730;Leers-Nord;Belgium
be2212;7730;Néchin;Belgium
be2213;7730;Saint-Léger (Ht.);Belgium
be2214;7740;Pecq;Belgium
be2215;7740;Warcoing;Belgium
be2216;7742;Hérinnes-lez-Pecq;Belgium
be2217;7743;Esquelmes;Belgium
be2218;7743;Obigies;Belgium
be2219;7750;Amougies;Belgium
be2220;7750;Anseroeul;Belgium
be2221;7750;Mont-de-l'Enclus;Belgium
be2222;7750;Orroir;Belgium
be2223;7750;Russeignies;Belgium
be2224;7760;Celles (Ht.);Belgium
be2225;7760;Escanaffles;Belgium
be2226;7760;Molenbaix;Belgium
be2227;7760;Popuelles;Belgium
be2228;7760;Pottes;Belgium
be2229;7760;Velaines;Belgium
be2230;7780;Comines;Belgium
be2231;7780;Comines-Warneton;Belgium
be2232;7780;Komen;Belgium
be2233;7780;Komen-Waasten;Belgium
be2234;7781;Houthem (Comines);Belgium
be2235;7782;Ploegsteert;Belgium
be2236;7783;Bizet;Belgium
be2237;7784;Bas-Warneton;Belgium
be2238;7784;Neerwaasten;Belgium
be2239;7784;Waasten;Belgium
be2240;7784;Warneton;Belgium
be2241;7800;Ath;Belgium
be2242;7800;Lanquesaint;Belgium
be2243;7801;Irchonwelz;Belgium
be2244;7802;Ormeignies;Belgium
be2245;7803;Bouvignies;Belgium
be2246;7804;Ostiches;Belgium
be2247;7804;Rebaix;Belgium
be2248;7810;Maffle;Belgium
be2249;7811;Arbre (Ht.);Belgium
be2250;7812;Houtaing;Belgium
be2251;7812;Ligne;Belgium
be2252;7812;Mainvault;Belgium
be2253;7812;Moulbaix;Belgium
be2254;7812;Villers-Notre-Dame;Belgium
be2255;7812;Villers-Saint-Amand;Belgium
be2256;7822;Ghislenghien;Belgium
be2257;7822;Isières;Belgium
be2258;7822;Meslin-l'Evêque;Belgium
be2259;7823;Gibecq;Belgium
be2260;7830;Bassilly;Belgium
be2261;7830;Fouleng;Belgium
be2262;7830;Gondregnies;Belgium
be2263;7830;Graty;Belgium
be2264;7830;Hellebecq;Belgium
be2265;7830;Hoves (Ht.);Belgium
be2266;7830;Silly;Belgium
be2267;7830;Thoricourt;Belgium
be2268;7850;Edingen;Belgium
be2269;7850;Enghien;Belgium
be2270;7850;Lettelingen;Belgium
be2271;7850;Marcq;Belgium
be2272;7850;Mark;Belgium
be2273;7850;Petit-Enghien;Belgium
be2274;7860;Lessines;Belgium
be2275;7861;Papignies;Belgium
be2276;7861;Wannebecq;Belgium
be2277;7862;Ogy;Belgium
be2278;7863;Ghoy;Belgium
be2279;7864;Deux-Acren;Belgium
be2280;7866;Bois-de-Lessines;Belgium
be2281;7866;Ollignies;Belgium
be2282;7870;Bauffe;Belgium
be2283;7870;Cambron-Saint-Vincent;Belgium
be2284;7870;Lens;Belgium
be2285;7870;Lombise;Belgium
be2286;7870;Montignies-lez-Lens;Belgium
be2287;7880;Flobecq;Belgium
be2288;7880;Vloesberg;Belgium
be2289;7890;Ellezelles;Belgium
be2290;7890;Lahamaide;Belgium
be2291;7890;Wodecq;Belgium
be2292;7900;Grandmetz;Belgium
be2293;7900;Leuze-en-Hainaut;Belgium
be2294;7901;Thieulain;Belgium
be2295;7903;Blicquy;Belgium
be2296;7903;Chapelle-à-Oie;Belgium
be2297;7903;Chapelle-à-Wattines;Belgium
be2298;7904;Pipaix;Belgium
be2299;7904;Tourpes;Belgium
be2300;7904;Willaupuis;Belgium
be2301;7906;Gallaix;Belgium
be2302;7910;Anvaing;Belgium
be2303;7910;Arc-Ainières;Belgium
be2304;7910;Arc-Wattripont;Belgium
be2305;7910;Cordes;Belgium
be2306;7910;Ellignies-lez-Frasnes;Belgium
be2307;7910;Forest (Ht.);Belgium
be2308;7910;Frasnes-lez-Anvaing;Belgium
be2309;7910;Wattripont;Belgium
be2310;7911;Buissenal;Belgium
be2311;7911;Frasnes-lez-Buissenal;Belgium
be2312;7911;Hacquegnies;Belgium
be2313;7911;Herquegies;Belgium
be2314;7911;Montroeul-au-Bois;Belgium
be2315;7911;Moustier (Ht.);Belgium
be2316;7911;Oeudeghien;Belgium
be2317;7912;Dergneau;Belgium
be2318;7912;Saint-Sauveur;Belgium
be2319;7940;Brugelette;Belgium
be2320;7940;Cambron-Casteau;Belgium
be2321;7941;Attre;Belgium
be2322;7942;Mévergnies-lez-Lens;Belgium
be2323;7943;Gages;Belgium
be2324;7950;Chièvres;Belgium
be2325;7950;Grosage;Belgium
be2326;7950;Huissignies;Belgium
be2327;7950;Ladeuze;Belgium
be2328;7950;Tongre-Saint-Martin;Belgium
be2329;7951;Tongre-Notre-Dame;Belgium
be2330;7970;Beloeil;Belgium
be2331;7971;Basècles;Belgium
be2332;7971;Ramegnies;Belgium
be2333;7971;Thumaide;Belgium
be2334;7971;Wadelincourt;Belgium
be2335;7972;Aubechies;Belgium
be2336;7972;Ellignies-Sainte-Anne;Belgium
be2337;7972;Quevaucamps;Belgium
be2338;7973;Grandglise;Belgium
be2339;7973;Stambruges;Belgium
be2340;8000;Brugge;Belgium
be2341;8000;Koolkerke;Belgium
be2342;8020;Hertsberge;Belgium
be2343;8020;Oostkamp;Belgium
be2344;8020;Ruddervoorde;Belgium
be2345;8020;Waardamme;Belgium
be2346;8200;Sint-Andries;Belgium
be2347;8200;Sint-Michiels;Belgium
be2348;8210;Loppem;Belgium
be2349;8210;Veldegem;Belgium
be2350;8210;Zedelgem;Belgium
be2351;8211;Aartrijke;Belgium
be2352;8300;Knokke;Belgium
be2353;8300;Knokke-Heist;Belgium
be2354;8300;Westkapelle;Belgium
be2355;8301;Heist-aan-Zee;Belgium
be2356;8301;Ramskapelle (Knokke-Heist);Belgium
be2357;8310;Assebroek;Belgium
be2358;8310;Sint-Kruis (Brugge);Belgium
be2359;8340;Damme;Belgium
be2360;8340;Hoeke;Belgium
be2361;8340;Lapscheure;Belgium
be2362;8340;Moerkerke;Belgium
be2363;8340;Oostkerke (Damme);Belgium
be2364;8340;Sijsele;Belgium
be2365;8370;Blankenberge;Belgium
be2366;8370;Uitkerke;Belgium
be2367;8377;Houtave;Belgium
be2368;8377;Meetkerke;Belgium
be2369;8377;Nieuwmunster;Belgium
be2370;8377;Zuienkerke;Belgium
be2371;8380;Dudzele;Belgium
be2372;8380;Lissewege;Belgium
be2373;8380;Zeebrugge (Brugge);Belgium
be2374;8400;Oostende;Belgium
be2375;8400;Stene;Belgium
be2376;8400;Zandvoorde (Oostende);Belgium
be2377;8420;De Haan;Belgium
be2378;8420;Klemskerke;Belgium
be2379;8420;Wenduine;Belgium
be2380;8421;Vlissegem;Belgium
be2381;8430;Middelkerke;Belgium
be2382;8431;Wilskerke;Belgium
be2383;8432;Leffinge;Belgium
be2384;8433;Mannekensvere;Belgium
be2385;8433;Schore;Belgium
be2386;8433;Sint-Pieters-Kapelle (W.-Vl.);Belgium
be2387;8433;Slijpe;Belgium
be2388;8433;Spermalie;Belgium
be2389;8434;Lombardsijde;Belgium
be2390;8434;Westende;Belgium
be2391;8450;Bredene;Belgium
be2392;8460;Ettelgem;Belgium
be2393;8460;Oudenburg;Belgium
be2394;8460;Roksem;Belgium
be2395;8460;Westkerke;Belgium
be2396;8470;Gistel;Belgium
be2397;8470;Moere;Belgium
be2398;8470;Snaaskerke;Belgium
be2399;8470;Zevekote;Belgium
be2400;8480;Bekegem;Belgium
be2401;8480;Eernegem;Belgium
be2402;8480;Ichtegem;Belgium
be2403;8490;Jabbeke;Belgium
be2404;8490;Snellegem;Belgium
be2405;8490;Stalhille;Belgium
be2406;8490;Varsenare;Belgium
be2407;8490;Zerkegem;Belgium
be2408;8500;Kortrijk;Belgium
be2409;8501;Bissegem;Belgium
be2410;8501;Heule;Belgium
be2411;8510;Bellegem;Belgium
be2412;8510;Kooigem;Belgium
be2413;8510;Marke (Kortrijk);Belgium
be2414;8510;Rollegem;Belgium
be2415;8511;Aalbeke;Belgium
be2416;8520;Kuurne;Belgium
be2417;8530;Harelbeke;Belgium
be2418;8531;Bavikhove;Belgium
be2419;8531;Hulste;Belgium
be2420;8540;Deerlijk;Belgium
be2421;8550;Zwevegem;Belgium
be2422;8551;Heestert;Belgium
be2423;8552;Moen;Belgium
be2424;8553;Otegem;Belgium
be2425;8554;Sint-Denijs;Belgium
be2426;8560;Gullegem;Belgium
be2427;8560;Moorsele;Belgium
be2428;8560;Wevelgem;Belgium
be2429;8570;Anzegem;Belgium
be2430;8570;Gijzelbrechtegem;Belgium
be2431;8570;Ingooigem;Belgium
be2432;8570;Vichte;Belgium
be2433;8572;Kaster;Belgium
be2434;8573;Tiegem;Belgium
be2435;8580;Avelgem;Belgium
be2436;8581;Kerkhove;Belgium
be2437;8581;Waarmaarde;Belgium
be2438;8582;Outrijve;Belgium
be2439;8583;Bossuit;Belgium
be2440;8587;Espierres;Belgium
be2441;8587;Espierres-Helchin;Belgium
be2442;8587;Helchin;Belgium
be2443;8587;Helkijn;Belgium
be2444;8587;Spiere;Belgium
be2445;8587;Spiere-Helkijn;Belgium
be2446;8600;Beerst;Belgium
be2447;8600;Diksmuide;Belgium
be2448;8600;Driekapellen;Belgium
be2449;8600;Esen;Belgium
be2450;8600;Kaaskerke;Belgium
be2451;8600;Keiem;Belgium
be2452;8600;Lampernisse;Belgium
be2453;8600;Leke;Belgium
be2454;8600;Nieuwkapelle;Belgium
be2455;8600;Oostkerke (Diksmuide);Belgium
be2456;8600;Oudekapelle;Belgium
be2457;8600;Pervijze;Belgium
be2458;8600;Sint-Jacobs-Kapelle;Belgium
be2459;8600;Stuivekenskerke;Belgium
be2460;8600;Vladslo;Belgium
be2461;8600;Woumen;Belgium
be2462;8610;Handzame;Belgium
be2463;8610;Kortemark;Belgium
be2464;8610;Werken;Belgium
be2465;8610;Zarren;Belgium
be2466;8620;Nieuwpoort;Belgium
be2467;8620;Ramskapelle (Nieuwpoort);Belgium
be2468;8620;Sint-Joris (Nieuwpoort);Belgium
be2469;8630;Avekapelle;Belgium
be2470;8630;Beauvoorde;Belgium
be2471;8630;Booitshoeke;Belgium
be2472;8630;Bulskamp;Belgium
be2473;8630;De Moeren;Belgium
be2474;8630;Eggewaartskapelle;Belgium
be2475;8630;Houtem (W.-Vl.);Belgium
be2476;8630;Steenkerke (W.-Vl.);Belgium
be2477;8630;Veurne;Belgium
be2478;8630;Vinkem;Belgium
be2479;8630;Wulveringem;Belgium
be2480;8630;Zoutenaaie;Belgium
be2481;8640;Oostvleteren;Belgium
be2482;8640;Vleteren;Belgium
be2483;8640;Westvleteren;Belgium
be2484;8640;Woesten;Belgium
be2485;8647;Lo;Belgium
be2486;8647;Lo-Reninge;Belgium
be2487;8647;Noordschote;Belgium
be2488;8647;Pollinkhove;Belgium
be2489;8647;Reninge;Belgium
be2490;8650;Houthulst;Belgium
be2491;8650;Klerken;Belgium
be2492;8650;Merkem;Belgium
be2493;8660;Adinkerke;Belgium
be2494;8660;De Panne;Belgium
be2495;8670;Koksijde;Belgium
be2496;8670;Oostduinkerke;Belgium
be2497;8670;Wulpen;Belgium
be2498;8680;Bovekerke;Belgium
be2499;8680;Koekelare;Belgium
be2500;8680;Zande;Belgium
be2501;8690;Alveringem;Belgium
be2502;8690;Hoogstade;Belgium
be2503;8690;Oeren;Belgium
be2504;8690;Sint-Rijkers;Belgium
be2505;8691;Beveren-aan-den-Ijzer;Belgium
be2506;8691;Gijverinkhove;Belgium
be2507;8691;Izenberge;Belgium
be2508;8691;Leisele;Belgium
be2509;8691;Stavele;Belgium
be2510;8700;Aarsele;Belgium
be2511;8700;Kanegem;Belgium
be2512;8700;Schuiferskapelle;Belgium
be2513;8700;Tielt;Belgium
be2514;8710;Ooigem;Belgium
be2515;8710;Sint-Baafs-Vijve;Belgium
be2516;8710;Wielsbeke;Belgium
be2517;8720;Dentergem;Belgium
be2518;8720;Markegem;Belgium
be2519;8720;Oeselgem;Belgium
be2520;8720;Wakken;Belgium
be2521;8730;Beernem;Belgium
be2522;8730;Oedelem;Belgium
be2523;8730;Sint-Joris (Beernem);Belgium
be2524;8740;Egem;Belgium
be2525;8740;Pittem;Belgium
be2526;8750;Wingene;Belgium
be2527;8750;Zwevezele;Belgium
be2528;8755;Ruiselede;Belgium
be2529;8760;Meulebeke;Belgium
be2530;8770;Ingelmunster;Belgium
be2531;8780;Oostrozebeke;Belgium
be2532;8790;Waregem;Belgium
be2533;8791;Beveren (Leie);Belgium
be2534;8792;Desselgem;Belgium
be2535;8793;Sint-Eloois-Vijve;Belgium
be2536;8800;Beveren (Roeselare);Belgium
be2537;8800;Oekene;Belgium
be2538;8800;Roeselare;Belgium
be2539;8800;Rumbeke;Belgium
be2540;8810;Lichtervelde;Belgium
be2541;8820;Torhout;Belgium
be2542;8830;Gits;Belgium
be2543;8830;Hooglede;Belgium
be2544;8840;Oostnieuwkerke;Belgium
be2545;8840;Staden;Belgium
be2546;8840;Westrozebeke;Belgium
be2547;8850;Ardooie;Belgium
be2548;8851;Koolskamp;Belgium
be2549;8860;Lendelede;Belgium
be2550;8870;Emelgem;Belgium
be2551;8870;Izegem;Belgium
be2552;8870;Kachtem;Belgium
be2553;8880;Ledegem;Belgium
be2554;8880;Rollegem-Kapelle;Belgium
be2555;8880;Sint-Eloois-Winkel;Belgium
be2556;8890;Dadizele;Belgium
be2557;8890;Moorslede;Belgium
be2558;8900;Brielen;Belgium
be2559;8900;Dikkebus;Belgium
be2560;8900;Ieper;Belgium
be2561;8900;Sint-Jan;Belgium
be2562;8902;Hollebeke;Belgium
be2563;8902;Voormezele;Belgium
be2564;8902;Zillebeke;Belgium
be2565;8904;Boezinge;Belgium
be2566;8904;Zuidschote;Belgium
be2567;8906;Elverdinge;Belgium
be2568;8908;Vlamertinge;Belgium
be2569;8920;Bikschote;Belgium
be2570;8920;Langemark;Belgium
be2571;8920;Langemark-Poelkapelle;Belgium
be2572;8920;Poelkapelle;Belgium
be2573;8930;Lauwe;Belgium
be2574;8930;Menen;Belgium
be2575;8930;Rekkem;Belgium
be2576;8940;Geluwe;Belgium
be2577;8940;Wervik;Belgium
be2578;8950;Heuvelland;Belgium
be2579;8950;Nieuwkerke;Belgium
be2580;8951;Dranouter;Belgium
be2581;8952;Wulvergem;Belgium
be2582;8953;Wijtschate;Belgium
be2583;8954;Westouter;Belgium
be2584;8956;Kemmel;Belgium
be2585;8957;Mesen;Belgium
be2586;8957;Messines;Belgium
be2587;8958;Loker;Belgium
be2588;8970;Poperinge;Belgium
be2589;8970;Reningelst;Belgium
be2590;8972;Krombeke;Belgium
be2591;8972;Proven;Belgium
be2592;8972;Roesbrugge-Haringe;Belgium
be2593;8978;Watou;Belgium
be2594;8980;Beselare;Belgium
be2595;8980;Geluveld;Belgium
be2596;8980;Passendale;Belgium
be2597;8980;Zandvoorde (Zonnebeke);Belgium
be2598;8980;Zonnebeke;Belgium
be2599;9000;Gent;Belgium
be2600;9030;Mariakerke (Gent);Belgium
be2601;9031;Drongen;Belgium
be2602;9032;Wondelgem;Belgium
be2603;9040;Sint-Amandsberg (Gent);Belgium
be2604;9041;Oostakker;Belgium
be2605;9042;Desteldonk;Belgium
be2606;9042;Mendonk;Belgium
be2607;9042;Sint-Kruis-Winkel;Belgium
be2608;9050;Gentbrugge;Belgium
be2609;9050;Ledeberg (Gent);Belgium
be2610;9051;Afsnee;Belgium
be2611;9051;Sint-Denijs-Westrem;Belgium
be2612;9052;Zwijnaarde;Belgium
be2613;9060;Zelzate;Belgium
be2614;9070;Destelbergen;Belgium
be2615;9070;Heusden (O.-Vl.);Belgium
be2616;9080;Beervelde;Belgium
be2617;9080;Lochristi;Belgium
be2618;9080;Zaffelare;Belgium
be2619;9080;Zeveneken;Belgium
be2620;9090;Gontrode;Belgium
be2621;9090;Melle;Belgium
be2622;9100;Nieuwkerken-Waas;Belgium
be2623;9100;Sint-Niklaas;Belgium
be2624;9111;Belsele (Sint-Niklaas);Belgium
be2625;9112;Sinaai-Waas;Belgium
be2626;9120;Beveren-Waas;Belgium
be2627;9120;Haasdonk;Belgium
be2628;9120;Kallo (Beveren-Waas);Belgium
be2629;9120;Melsele;Belgium
be2630;9120;Vrasene;Belgium
be2631;9130;Doel;Belgium
be2632;9130;Kallo (Kieldrecht);Belgium
be2633;9130;Kieldrecht (Beveren);Belgium
be2634;9130;Verrebroek;Belgium
be2635;9140;Elversele;Belgium
be2636;9140;Steendorp;Belgium
be2637;9140;Temse;Belgium
be2638;9140;Tielrode;Belgium
be2639;9150;Bazel;Belgium
be2640;9150;Kruibeke;Belgium
be2641;9150;Rupelmonde;Belgium
be2642;9160;Daknam;Belgium
be2643;9160;Eksaarde;Belgium
be2644;9160;Lokeren;Belgium
be2645;9170;De Klinge;Belgium
be2646;9170;Meerdonk;Belgium
be2647;9170;Sint-Gillis-Waas;Belgium
be2648;9170;Sint-Pauwels;Belgium
be2649;9180;Moerbeke-Waas;Belgium
be2650;9185;Wachtebeke;Belgium
be2651;9190;Kemzeke;Belgium
be2652;9190;Stekene;Belgium
be2653;9200;Appels;Belgium
be2654;9200;Baasrode;Belgium
be2655;9200;Dendermonde;Belgium
be2656;9200;Grembergen;Belgium
be2657;9200;Mespelare;Belgium
be2658;9200;Oudegem;Belgium
be2659;9200;Schoonaarde;Belgium
be2660;9200;Sint-Gillis-bij-Dendermonde;Belgium
be2661;9220;Hamme (O.-Vl.);Belgium
be2662;9220;Moerzeke;Belgium
be2663;9230;Massemen;Belgium
be2664;9230;Westrem;Belgium
be2665;9230;Wetteren;Belgium
be2666;9240;Zele;Belgium
be2667;9250;Waasmunster;Belgium
be2668;9255;Buggenhout;Belgium
be2669;9255;Opdorp;Belgium
be2670;9260;Schellebelle;Belgium
be2671;9260;Serskamp;Belgium
be2672;9260;Wichelen;Belgium
be2673;9270;Kalken;Belgium
be2674;9270;Laarne;Belgium
be2675;9280;Denderbelle;Belgium
be2676;9280;Lebbeke;Belgium
be2677;9280;Wieze;Belgium
be2678;9290;Berlare;Belgium
be2679;9290;Overmere;Belgium
be2680;9290;Uitbergen;Belgium
be2681;9300;Aalst;Belgium
be2682;9308;Gijzegem;Belgium
be2683;9308;Hofstade (O.-Vl.);Belgium
be2684;9310;Baardegem;Belgium
be2685;9310;Herdersem;Belgium
be2686;9310;Meldert (O.-Vl.);Belgium
be2687;9310;Moorsel;Belgium
be2688;9320;Erembodegem (Aalst);Belgium
be2689;9320;Nieuwerkerken (Aalst);Belgium
be2690;9340;Impe;Belgium
be2691;9340;Lede;Belgium
be2692;9340;Oordegem;Belgium
be2693;9340;Smetlede;Belgium
be2694;9340;Wanzele;Belgium
be2695;9400;Appelterre-Eichem;Belgium
be2696;9400;Denderwindeke;Belgium
be2697;9400;Lieferinge;Belgium
be2698;9400;Nederhasselt;Belgium
be2699;9400;Ninove;Belgium
be2700;9400;Okegem;Belgium
be2701;9400;Voorde;Belgium
be2702;9401;Pollare;Belgium
be2703;9402;Meerbeke;Belgium
be2704;9403;Neigem;Belgium
be2705;9404;Aspelare;Belgium
be2706;9406;Outer;Belgium
be2707;9420;Aaigem;Belgium
be2708;9420;Bambrugge;Belgium
be2709;9420;Burst;Belgium
be2710;9420;Erondegem;Belgium
be2711;9420;Erpe;Belgium
be2712;9420;Erpe-Mere;Belgium
be2713;9420;Mere;Belgium
be2714;9420;Ottergem;Belgium
be2715;9420;Vlekkem;Belgium
be2716;9450;Denderhoutem;Belgium
be2717;9450;Haaltert;Belgium
be2718;9450;Heldergem;Belgium
be2719;9451;Kerksken;Belgium
be2720;9470;Denderleeuw;Belgium
be2721;9472;Iddergem;Belgium
be2722;9473;Welle;Belgium
be2723;9500;Geraardsbergen;Belgium
be2724;9500;Goeferdinge;Belgium
be2725;9500;Moerbeke;Belgium
be2726;9500;Nederboelare;Belgium
be2727;9500;Onkerzele;Belgium
be2728;9500;Ophasselt;Belgium
be2729;9500;Overboelare;Belgium
be2730;9500;Viane;Belgium
be2731;9500;Zarlardinge;Belgium
be2732;9506;Grimminge;Belgium
be2733;9506;Idegem;Belgium
be2734;9506;Nieuwenhove;Belgium
be2735;9506;Schendelbeke;Belgium
be2736;9506;Smeerebbe-Vloerzegem;Belgium
be2737;9506;Waarbeke;Belgium
be2738;9506;Zandbergen;Belgium
be2739;9520;Bavegem;Belgium
be2740;9520;Sint-Lievens-Houtem;Belgium
be2741;9520;Vlierzele;Belgium
be2742;9520;Zonnegem;Belgium
be2743;9521;Letterhoutem;Belgium
be2744;9550;Herzele;Belgium
be2745;9550;Hillegem;Belgium
be2746;9550;Sint-Antelinks;Belgium
be2747;9550;Sint-Lievens-Esse;Belgium
be2748;9550;Steenhuize-Wijnhuize;Belgium
be2749;9550;Woubrechtegem;Belgium
be2750;9551;Ressegem;Belgium
be2751;9552;Borsbeke;Belgium
be2752;9570;Deftinge;Belgium
be2753;9570;Lierde;Belgium
be2754;9570;Sint-Maria-Lierde;Belgium
be2755;9571;Hemelveerdegem;Belgium
be2756;9572;Sint-Martens-Lierde;Belgium
be2757;9600;Renaix;Belgium
be2758;9600;Ronse;Belgium
be2759;9620;Elene;Belgium
be2760;9620;Erwetegem;Belgium
be2761;9620;Godveerdegem;Belgium
be2762;9620;Grotenberge;Belgium
be2763;9620;Leeuwergem;Belgium
be2764;9620;Oombergen (Zottegem);Belgium
be2765;9620;Sint-Goriks-Oudenhove;Belgium
be2766;9620;Sint-Maria-Oudenhove (Zottegem);Belgium
be2767;9620;Strijpen;Belgium
be2768;9620;Velzeke-Ruddershove;Belgium
be2769;9620;Zottegem;Belgium
be2770;9630;Beerlegem;Belgium
be2771;9630;Dikkele;Belgium
be2772;9630;Hundelgem;Belgium
be2773;9630;Meilegem;Belgium
be2774;9630;Munkzwalm;Belgium
be2775;9630;Paulatem;Belgium
be2776;9630;Roborst;Belgium
be2777;9630;Rozebeke;Belgium
be2778;9630;Sint-Blasius-Boekel;Belgium
be2779;9630;Sint-Denijs-Boekel;Belgium
be2780;9630;Sint-Maria-Latem;Belgium
be2781;9630;Zwalm;Belgium
be2782;9636;Nederzwalm-Hermelgem;Belgium
be2783;9660;Brakel;Belgium
be2784;9660;Elst;Belgium
be2785;9660;Everbeek;Belgium
be2786;9660;Michelbeke;Belgium
be2787;9660;Nederbrakel;Belgium
be2788;9660;Opbrakel;Belgium
be2789;9660;Zegelsem;Belgium
be2790;9661;Parike;Belgium
be2791;9667;Horebeke;Belgium
be2792;9667;Sint-Kornelis-Horebeke;Belgium
be2793;9667;Sint-Maria-Horebeke;Belgium
be2794;9680;Etikhove;Belgium
be2795;9680;Maarkedal;Belgium
be2796;9680;Maarke-Kerkem;Belgium
be2797;9681;Nukerke;Belgium
be2798;9688;Schorisse;Belgium
be2799;9690;Berchem (O.-Vl.);Belgium
be2800;9690;Kluisbergen;Belgium
be2801;9690;Kwaremont;Belgium
be2802;9690;Ruien;Belgium
be2803;9690;Zulzeke;Belgium
be2804;9700;Bevere;Belgium
be2805;9700;Edelare;Belgium
be2806;9700;Eine;Belgium
be2807;9700;Ename;Belgium
be2808;9700;Heurne;Belgium
be2809;9700;Leupegem;Belgium
be2810;9700;Mater;Belgium
be2811;9700;Melden;Belgium
be2812;9700;Mullem;Belgium
be2813;9700;Nederename;Belgium
be2814;9700;Oudenaarde;Belgium
be2815;9700;Volkegem;Belgium
be2816;9700;Welden;Belgium
be2817;9750;Huise;Belgium
be2818;9750;Ouwegem;Belgium
be2819;9750;Zingem;Belgium
be2820;9770;Kruishoutem;Belgium
be2821;9771;Nokere;Belgium
be2822;9772;Wannegem-Lede;Belgium
be2823;9790;Elsegem;Belgium
be2824;9790;Moregem;Belgium
be2825;9790;Ooike (Wortegem-Petegem);Belgium
be2826;9790;Petegem-aan-de-Schelde;Belgium
be2827;9790;Wortegem;Belgium
be2828;9790;Wortegem-Petegem;Belgium
be2829;9800;Astene;Belgium
be2830;9800;Bachte-Maria-Leerne;Belgium
be2831;9800;Deinze;Belgium
be2832;9800;Gottem;Belgium
be2833;9800;Grammene;Belgium
be2834;9800;Meigem;Belgium
be2835;9800;Petegem-aan-de-Leie;Belgium
be2836;9800;Sint-Martens-Leerne;Belgium
be2837;9800;Vinkt;Belgium
be2838;9800;Wontergem;Belgium
be2839;9800;Zeveren;Belgium
be2840;9810;Eke;Belgium
be2841;9810;Nazareth;Belgium
be2842;9820;Bottelare;Belgium
be2843;9820;Lemberge;Belgium
be2844;9820;Melsen;Belgium
be2845;9820;Merelbeke;Belgium
be2846;9820;Munte;Belgium
be2847;9820;Schelderode;Belgium
be2848;9830;Sint-Martens-Latem;Belgium
be2849;9831;Deurle;Belgium
be2850;9840;De Pinte;Belgium
be2851;9840;Zevergem;Belgium
be2852;9850;Hansbeke;Belgium
be2853;9850;Landegem;Belgium
be2854;9850;Merendree;Belgium
be2855;9850;Nevele;Belgium
be2856;9850;Poesele;Belgium
be2857;9850;Vosselare;Belgium
be2858;9860;Balegem;Belgium
be2859;9860;Gijzenzele;Belgium
be2860;9860;Landskouter;Belgium
be2861;9860;Moortsele;Belgium
be2862;9860;Oosterzele;Belgium
be2863;9860;Scheldewindeke;Belgium
be2864;9870;Machelen (O.-Vl.);Belgium
be2865;9870;Olsene;Belgium
be2866;9870;Zulte;Belgium
be2867;9880;Aalter;Belgium
be2868;9880;Lotenhulle;Belgium
be2869;9880;Poeke;Belgium
be2870;9881;Bellem;Belgium
be2871;9890;Asper;Belgium
be2872;9890;Baaigem;Belgium
be2873;9890;Dikkelvenne;Belgium
be2874;9890;Gavere;Belgium
be2875;9890;Semmerzake;Belgium
be2876;9890;Vurste;Belgium
be2877;9900;Eeklo;Belgium
be2878;9910;Knesselare;Belgium
be2879;9910;Ursel;Belgium
be2880;9920;Lovendegem;Belgium
be2881;9921;Vinderhoute;Belgium
be2882;9930;Zomergem;Belgium
be2883;9931;Oostwinkel;Belgium
be2884;9932;Ronsele;Belgium
be2885;9940;Ertvelde;Belgium
be2886;9940;Evergem;Belgium
be2887;9940;Kluizen;Belgium
be2888;9940;Sleidinge;Belgium
be2889;9950;Waarschoot;Belgium
be2890;9960;Assenede;Belgium
be2891;9961;Boekhoute;Belgium
be2892;9968;Bassevelde;Belgium
be2893;9968;Oosteeklo;Belgium
be2894;9970;Kaprijke;Belgium
be2895;9971;Lembeke;Belgium
be2896;9980;Sint-Laureins;Belgium
be2897;9981;Sint-Margriete;Belgium
be2898;9982;Sint-Jan-in-Eremo;Belgium
be2899;9988;Waterland-Oudeman;Belgium
be2900;9988;Watervliet;Belgium
be2901;9990;Maldegem;Belgium
be2902;9991;Adegem;Belgium
be2903;9992;Middelburg;Belgium
be3;1005;Ass. Réun. Com. Communau. Commune;Belgium
