UK1;SO16;9 Arcadia Close;United Kingdom
UK2;IV56;A863;United Kingdom
UK3;WD5;Abbots Langley;United Kingdom
UK4;EX39;Abbotsham;United Kingdom
UK23;BB5;Accrington;United Kingdom
UK24;BB6;Accrington;United Kingdom
UK26;KT15;Addlestone;United Kingdom
UK27;PE5;Ailsworth;United Kingdom
UK28;L10;Aintree;United Kingdom
UK30;DN14;Airmyn;United Kingdom
UK31;NE71;Akeld;United Kingdom
UK33;WV7;Albrighton;United Kingdom
UK34;B49;Alcester;United Kingdom
UK35;IP15;Aldeburgh;United Kingdom
UK36;GU11;Aldershot;United Kingdom
UK37;IP7;Aldham;United Kingdom
UK38;WS9;Aldridge;United Kingdom
UK39;PO21;Aldwick;United Kingdom
UK42;LN13;Alford;United Kingdom
UK43;DE55;Alfreton;United Kingdom
UK44;NE47;Allendale;United Kingdom
UK45;HR2;Allensmore;United Kingdom
UK46;DT6;Allington;United Kingdom
UK50;NR14;Alpington;United Kingdom
UK51;CA9;Alston;United Kingdom
UK52;GU34;Alton;United Kingdom
UK54;B48;Alvechurch;United Kingdom
UK56;HP6;Amersham;United Kingdom
UK57;HP7;Amersham;United Kingdom
UK58;SP4;Amesbury;United Kingdom
UK60;GL7;Ampney St Mary;United Kingdom
UK61;SP10;Andover;United Kingdom
UK63;PL11;Antony;United Kingdom
UK64;CA16;Appleby-in-Westmorland;United Kingdom
UK65;WA4;Appleton;United Kingdom
UK71;CA26;Arlecdon;United Kingdom
UK72;SG15;Arlesey;United Kingdom
UK76;BN18;Arundel;United Kingdom
UK77;GU12;Ash;United Kingdom
UK78;LE65;Ashby-de-la-Zouch;United Kingdom
UK79;GL20;Ashchurch;United Kingdom
UK80;HP18;Ashendon;United Kingdom
UK81;TN23;Ashford;United Kingdom
UK82;TN24;Ashford;United Kingdom
UK83;GL19;Ashleworth;United Kingdom
UK84;M34;Ashton-under-Lyne;United Kingdom
UK85;M43;Ashton-under-Lyne;United Kingdom
UK86;OL6;Ashton-under-Lyne;United Kingdom
UK87;OL7;Ashton-under-Lyne;United Kingdom
UK88;SK14;Ashton-under-Lyne;United Kingdom
UK89;SK16;Ashton-under-Lyne;United Kingdom
UK90;S33;Aston;United Kingdom
UK91;CV9;Atherstone;United Kingdom
UK92;NR17;Attleborough;United Kingdom
UK94;BS35;Aust;United Kingdom
UK97;EX13;Axminster;United Kingdom
UK98;HP19;Aylesbury;United Kingdom
UK99;HP20;Aylesbury;United Kingdom
UK100;HP21;Aylesbury;United Kingdom
UK104;NN11;Badby;United Kingdom
UK106;ST9;Bagnall;United Kingdom
UK107;DE45;Bakewell;United Kingdom
UK115;CB21;Balsham;United Kingdom
UK116;PR5;Bamber Bridge;United Kingdom
UK117;NE69;Bamburgh;United Kingdom
UK118;OX16;Banbury;United Kingdom
UK123;BS29;Banwell;United Kingdom
UK125;LE7;Barkby;United Kingdom
UK126;IG11;Barking;United Kingdom
UK127;RM10;Barking;United Kingdom
UK128;RM6;Barking;United Kingdom
UK129;RM8;Barking;United Kingdom
UK130;RM9;Barking;United Kingdom
UK131;ST12;Barlaston;United Kingdom
UK132;YO42;Barmby Moor;United Kingdom
UK134;EN4;Barnet;United Kingdom
UK135;EN5;Barnet;United Kingdom
UK136;HA8;Barnet;United Kingdom
UK137;N12;Barnet;United Kingdom
UK138;N2;Barnet;United Kingdom
UK139;N20;Barnet;United Kingdom
UK140;N3;Barnet;United Kingdom
UK141;NW11;Barnet;United Kingdom
UK142;NW4;Barnet;United Kingdom
UK143;NW7;Barnet;United Kingdom
UK144;EX31;Barnstaple;United Kingdom
UK145;EX32;Barnstaple;United Kingdom
UK146;DN19;Barrow-Upon-Humber;United Kingdom
UK149;DN18;Barton-Upon-Humber;United Kingdom
UK150;SS13;Basildon;United Kingdom
UK151;SS14;Basildon;United Kingdom
UK152;SS15;Basildon;United Kingdom
UK153;SS16;Basildon;United Kingdom
UK154;RG21;Basingstoke;United Kingdom
UK155;RG22;Basingstoke;United Kingdom
UK156;RG23;Basingstoke;United Kingdom
UK157;RG24;Basingstoke;United Kingdom
UK158;BA1;Bath;United Kingdom
UK159;BA2;Bath;United Kingdom
UK161;TN33;Battle;United Kingdom
UK162;HP9;Beaconsfield;United Kingdom
UK163;DT8;Beaminster;United Kingdom
UK165;CA21;Beckermet;United Kingdom
UK166;MK40;Bedford;United Kingdom
UK167;MK41;Bedford;United Kingdom
UK168;CV12;Bedworth;United Kingdom
UK169;NG9;Beeston;United Kingdom
UK171;NE70;Belford;United Kingdom
UK172;NE48;Bellingham;United Kingdom
UK173;DE56;Belper;United Kingdom
UK174;PO35;Bembridge;United Kingdom
UK175;GL13;Berkeley;United Kingdom
UK176;HP4;Berkhamsted;United Kingdom
UK180;TN39;Bexhill;United Kingdom
UK181;TN40;Bexhill;United Kingdom
UK182;DA14;Bexley;United Kingdom
UK183;DA15;Bexley;United Kingdom
UK184;DA16;Bexley;United Kingdom
UK185;DA5;Bexley;United Kingdom
UK186;DA6;Bexley;United Kingdom
UK187;OX26;Bicester;United Kingdom
UK188;OX6;Bicester;United Kingdom
UK189;B40;Bickenhill;United Kingdom
UK190;ST8;Biddulph;United Kingdom
UK191;B50;Bidford-on-Avon;United Kingdom
UK192;DN38;Bigby;United Kingdom
UK193;SG18;Biggleswade;United Kingdom
UK194;WV8;Bilbrook;United Kingdom
UK195;CM12;Billericay;United Kingdom
UK196;NG13;Bingham;United Kingdom
UK197;BD16;Bingley;United Kingdom
UK198;CT7;Birchington;United Kingdom
UK199;WA1;Birchwood;United Kingdom
UK200;WA2;Birchwood;United Kingdom
UK201;CH41;Birkenhead;United Kingdom
UK202;CH42;Birkenhead;United Kingdom
UK203;CH43;Birkenhead;United Kingdom
UK204;CH46;Birkenhead;United Kingdom
UK205;CH49;Birkenhead;United Kingdom
UK206;CH62;Birkenhead;United Kingdom
UK207;CH63;Birkenhead;United Kingdom
UK209;EX36;Bishops Nympton;United Kingdom
UK210;CM23;Bishops Stortford;United Kingdom
UK211;SO24;Bishops Sutton;United Kingdom
UK212;SO32;Bishops Waltham;United Kingdom
UK215;GU24;Bisley;United Kingdom
UK216;BS30;Bitton;United Kingdom
UK217;EX21;Black Torrington;United Kingdom
UK220;GU17;Blackwater and Hawley;United Kingdom
UK223;NE17;Blaydon;United Kingdom
UK224;NE21;Blaydon;United Kingdom
UK225;NE39;Blaydon;United Kingdom
UK226;NE40;Blaydon;United Kingdom
UK227;HP14;Bledlow-cum-Saunderton;United Kingdom
UK228;MK1;Bletchley;United Kingdom
UK229;MK2;Bletchley;United Kingdom
UK230;MK3;Bletchley;United Kingdom
UK231;NR13;Blofield;United Kingdom
UK232;SN26;Blunsdon St Andrew;United Kingdom
UK233;NE23;Blyth;United Kingdom
UK234;NE24;Blyth;United Kingdom
UK236;PL31;Bodmin;United Kingdom
UK238;S44;Bolsover;United Kingdom
UK242;LA19;Bootle;United Kingdom
UK243;WD6;Borehamwood;United Kingdom
UK244;YO51;Boroughbridge;United Kingdom
UK245;PE21;Boston;United Kingdom
UK246;LS23;Boston Spa;United Kingdom
UK247;PE10;Bourne;United Kingdom
UK248;TQ13;Bovey Tracey;United Kingdom
UK249;MK17;Bow Brickhill;United Kingdom
UK251;NN13;Brackley;United Kingdom
UK252;RG12;Bracknell;United Kingdom
UK253;BA15;Bradford-on-Avon;United Kingdom
UK254;DN37;Bradley;United Kingdom
UK255;BS32;Bradley Stoke;United Kingdom
UK256;MK13;Bradwell;United Kingdom
UK257;MK8;Bradwell Abbey;United Kingdom
UK258;CM7;Braintree;United Kingdom
UK259;S66;Bramley;United Kingdom
UK260;CA8;Brampton;United Kingdom
UK261;IP27;Brandon;United Kingdom
UK262;DE13;Branston;United Kingdom
UK263;EX33;Braunton;United Kingdom
UK264;SN15;Bremhill;United Kingdom
UK265;HA0;Brent;United Kingdom
UK266;HA9;Brent;United Kingdom
UK267;NW10;Brent;United Kingdom
UK268;NW2;Brent;United Kingdom
UK269;NW9;Brent;United Kingdom
UK270;CM13;Brentwood;United Kingdom
UK271;CM14;Brentwood;United Kingdom
UK272;CM15;Brentwood;United Kingdom
UK273;WS15;Brereton;United Kingdom
UK277;CW3;Bridgemere;United Kingdom
UK278;WV15;Bridgnorth;United Kingdom
UK279;TA6;Bridgwater;United Kingdom
UK280;YO15;Bridlington;United Kingdom
UK281;YO16;Bridlington;United Kingdom
UK282;S72;Brierley;United Kingdom
UK283;BN1;Brighton;United Kingdom
UK284;BN2;Brighton;United Kingdom
UK285;BN3;Brighton;United Kingdom
UK286;BN41;Brighton;United Kingdom
UK287;BS1;Bristol;United Kingdom
UK288;BS10;Bristol;United Kingdom
UK289;BS11;Bristol;United Kingdom
UK290;BS13;Bristol;United Kingdom
UK291;BS14;Bristol;United Kingdom
UK292;BS2;Bristol;United Kingdom
UK293;BS3;Bristol;United Kingdom
UK294;BS4;Bristol;United Kingdom
UK295;BS5;Bristol;United Kingdom
UK296;BS6;Bristol;United Kingdom
UK297;BS7;Bristol;United Kingdom
UK298;BS8;Bristol;United Kingdom
UK299;BS9;Bristol;United Kingdom
UK300;BS99;Bristol;United Kingdom
UK301;NR24;Briston;United Kingdom
UK304;EX5;Broad Clyst;United Kingdom
UK305;CT10;Broadstairs;United Kingdom
UK306;WR12;Broadway;United Kingdom
UK307;RH3;Brockham;United Kingdom
UK308;DN5;Brodsworth;United Kingdom
UK309;IP12;Bromeswell;United Kingdom
UK310;BR1;Bromley;United Kingdom
UK311;BR2;Bromley;United Kingdom
UK312;BR3;Bromley;United Kingdom
UK313;BR4;Bromley;United Kingdom
UK314;BR5;Bromley;United Kingdom
UK315;BR6;Bromley;United Kingdom
UK316;BR7;Bromley;United Kingdom
UK317;SE20;Bromley;United Kingdom
UK318;B60;Bromsgrove;United Kingdom
UK319;B61;Bromsgrove;United Kingdom
UK320;HR7;Bromyard;United Kingdom
UK321;NE44;Broomhaugh and Riding;United Kingdom
UK323;TF12;Broseley;United Kingdom
UK324;DN20;Broughton;United Kingdom
UK326;LA20;Broughton West;United Kingdom
UK327;WS8;Brownhills;United Kingdom
UK328;EN10;Broxbourne;United Kingdom
UK329;EN7;Broxbourne;United Kingdom
UK330;EN8;Broxbourne;United Kingdom
UK332;NE13;Brunswick;United Kingdom
UK333;BA10;Bruton;United Kingdom
UK334;DT11;Bryanston;United Kingdom
UK338;TQ11;Buckfast;United Kingdom
UK339;RG18;Bucklebury;United Kingdom
UK340;EX23;Bude;United Kingdom
UK341;EX9;Budleigh Salterton;United Kingdom
UK343;NR35;Bungay;United Kingdom
UK344;SG9;Buntingford;United Kingdom
UK345;CO8;Bures Hamlet;United Kingdom
UK346;RH15;Burgess Hill;United Kingdom
UK347;PE24;Burgh Le Marsh;United Kingdom
UK348;HR4;Burghill;United Kingdom
UK349;TA9;Burnham Without;United Kingdom
UK350;TA8;Burnham-on-Sea;United Kingdom
UK351;DH8;Burnhope;United Kingdom
UK352;BB10;Burnley;United Kingdom
UK353;BB11;Burnley;United Kingdom
UK355;WS7;Burntwood;United Kingdom
UK356;DN17;Burringham;United Kingdom
UK357;L40;Burscough;United Kingdom
UK358;HU12;Burstwick;United Kingdom
UK359;BH23;Burton;United Kingdom
UK360;LN1;Burton;United Kingdom
UK361;NG33;Burton Coggles;United Kingdom
UK362;DE14;Burton upon Trent;United Kingdom
UK363;DE15;Burton upon Trent;United Kingdom
UK364;TN19;Burwash;United Kingdom
UK365;IP32;Bury St Edmunds;United Kingdom
UK366;IP33;Bury St Edmunds;United Kingdom
UK369;SG7;Bygrave;United Kingdom
UK370;NE2;Byker;United Kingdom
UK371;NE6;Byker;United Kingdom
UK372;NE7;Byker;United Kingdom
UK376;LN7;Caistor;United Kingdom
UK378;PL17;Callington;United Kingdom
UK379;SN11;Calne;United Kingdom
UK380;PL18;Calstock;United Kingdom
UK381;GU15;Camberley;United Kingdom
UK382;GU16;Camberley;United Kingdom
UK383;SE1;Camberwell;United Kingdom
UK384;SE15;Camberwell;United Kingdom
UK385;SE16;Camberwell;United Kingdom
UK386;SE17;Camberwell;United Kingdom
UK387;SE21;Camberwell;United Kingdom
UK388;SE22;Camberwell;United Kingdom
UK389;SE24;Camberwell;United Kingdom
UK390;SE5;Camberwell;United Kingdom
UK391;TR14;Camborne;United Kingdom
UK393;EC1N;Camden Town;United Kingdom
UK394;NW1;Camden Town;United Kingdom
UK395;NW3;Camden Town;United Kingdom
UK396;NW5;Camden Town;United Kingdom
UK397;NW6;Camden Town;United Kingdom
UK398;W1T;Camden Town;United Kingdom
UK399;WC1;Camden Town;United Kingdom
UK400;WC1A;Camden Town;United Kingdom
UK401;WC1B;Camden Town;United Kingdom
UK402;WC1E;Camden Town;United Kingdom
UK403;WC1H;Camden Town;United Kingdom
UK404;WC1N;Camden Town;United Kingdom
UK405;WC1R;Camden Town;United Kingdom
UK406;WC1V;Camden Town;United Kingdom
UK407;WC1X;Camden Town;United Kingdom
UK408;WC2A;Camden Town;United Kingdom
UK409;WC2H;Camden Town;United Kingdom
UK410;PL32;Camelford;United Kingdom
UK411;WS11;Cannock;United Kingdom
UK412;WS12;Cannock;United Kingdom
UK413;CT1;Canterbury;United Kingdom
UK414;CT2;Canterbury;United Kingdom
UK415;CT5;Canterbury;United Kingdom
UK416;CT6;Canterbury;United Kingdom
UK417;SS7;Canvey Island;United Kingdom
UK418;SS8;Canvey Island;United Kingdom
UK419;RH5;Capel;United Kingdom
UK420;CA1;Carlisle;United Kingdom
UK421;CA2;Carlisle;United Kingdom
UK422;CA3;Carlisle;United Kingdom
UK423;NG4;Carlton;United Kingdom
UK424;S81;Carlton in Lindrick;United Kingdom
UK430;OX18;Carterton;United Kingdom
UK431;B36;Castle Bromwich;United Kingdom
UK433;BA7;Castle Cary;United Kingdom
UK434;DT9;Castleton;United Kingdom
UK435;SR5;Castletown;United Kingdom
UK436;LA2;Caton;United Kingdom
UK437;CA11;Catterlen;United Kingdom
UK438;YO41;Catton;United Kingdom
UK440;OX7;Chadlington;United Kingdom
UK441;HP8;Chalfont St Giles;United Kingdom
UK442;SL9;Chalfont St Peter;United Kingdom
UK443;SK23;Chapel-en-le-Frith;United Kingdom
UK444;TA20;Chard;United Kingdom
UK445;SP11;Charlton;United Kingdom
UK446;DT2;Charminster;United Kingdom
UK447;PE16;Chatteris;United Kingdom
UK448;EX18;Chawleigh;United Kingdom
UK449;SK7;Cheadle;United Kingdom
UK450;ST10;Cheadle;United Kingdom
UK451;BS27;Cheddar;United Kingdom
UK452;CM1;Chelmsford;United Kingdom
UK453;B37;Chelmsley Wood;United Kingdom
UK454;GL50;Cheltenham;United Kingdom
UK455;GL51;Cheltenham;United Kingdom
UK456;GL53;Cheltenham;United Kingdom
UK457;HP10;Chepping Wycombe;United Kingdom
UK458;HP5;Chesham;United Kingdom
UK459;CH1;Chester;United Kingdom
UK460;S40;Chesterfield;United Kingdom
UK461;S41;Chesterfield;United Kingdom
UK462;DH2;Chester-le-Street;United Kingdom
UK463;OX25;Chesterton;United Kingdom
UK464;WV16;Chetton;United Kingdom
UK465;PO19;Chichester;United Kingdom
UK466;OX39;Chinnor;United Kingdom
UK467;GL55;Chipping Campden;United Kingdom
UK468;PR6;Chorley;United Kingdom
UK469;PR7;Chorley;United Kingdom
UK470;WD3;Chorleywood;United Kingdom
UK471;SY6;Church Stretton;United Kingdom
UK472;CO15;Clacton-on-Sea;United Kingdom
UK473;PR3;Claughton;United Kingdom
UK474;S45;Clay Cross;United Kingdom
UK475;BN6;Clayton;United Kingdom
UK476;CA23;Cleator Moor;United Kingdom
UK477;CA25;Cleator Moor;United Kingdom
UK478;DN35;Cleethorpes;United Kingdom
UK479;DY14;Cleobury Mortimer;United Kingdom
UK480;BS21;Clevedon;United Kingdom
UK481;CA10;Cliburn;United Kingdom
UK482;HR3;Clifford;United Kingdom
UK483;NG11;Clifton;United Kingdom
UK484;MK46;Clifton Reynes;United Kingdom
UK485;HG3;Clint;United Kingdom
UK486;BB7;Clitheroe;United Kingdom
UK487;DN22;Clumber and Hardwick;United Kingdom
UK488;S80;Clumber and Hardwick;United Kingdom
UK489;BS39;Clutton;United Kingdom
UK493;LE67;Coalville;United Kingdom
UK495;KT11;Cobham;United Kingdom
UK498;CA13;Cockermouth;United Kingdom
UK499;TR8;Colan;United Kingdom
UK500;DL9;Colburn;United Kingdom
UK501;CO1;Colchester;United Kingdom
UK502;CO2;Colchester;United Kingdom
UK503;CO3;Colchester;United Kingdom
UK504;CO4;Colchester;United Kingdom
UK505;GL16;Coleford;United Kingdom
UK506;BH21;Colehill;United Kingdom
UK507;B46;Coleshill;United Kingdom
UK508;SL1;Colnbrook with Poyle;United Kingdom
UK509;SL2;Colnbrook with Poyle;United Kingdom
UK510;SL3;Colnbrook with Poyle;United Kingdom
UK511;WR13;Colwall;United Kingdom
UK512;EX24;Colyton;United Kingdom
UK514;CW12;Congleton;United Kingdom
UK515;DN12;Conisbrough;United Kingdom
UK516;LA21;Coniston;United Kingdom
UK517;YO23;Copmanthorpe;United Kingdom
UK518;NE45;Corbridge;United Kingdom
UK519;NN17;Corby;United Kingdom
UK520;NN18;Corby;United Kingdom
UK522;DN21;Corringham;United Kingdom
UK523;SS17;Corringham;United Kingdom
UK524;SN13;Corsham;United Kingdom
UK526;MK19;Cosgrove;United Kingdom
UK527;NG12;Cotgrave;United Kingdom
UK528;DL12;Cotherstone;United Kingdom
UK529;HU10;Cottingham;United Kingdom
UK530;HU16;Cottingham;United Kingdom
UK531;HU17;Cottingham;United Kingdom
UK533;PO31;Cowes;United Kingdom
UK534;TN17;Cranbrook;United Kingdom
UK535;GU6;Cranleigh;United Kingdom
UK536;RH10;Crawley;United Kingdom
UK537;RH11;Crawley;United Kingdom
UK538;DA17;Crayford;United Kingdom
UK539;DA18;Crayford;United Kingdom
UK540;DA7;Crayford;United Kingdom
UK541;DA8;Crayford;United Kingdom
UK542;CW1;Crewe;United Kingdom
UK543;CW2;Crewe;United Kingdom
UK544;TA18;Crewkerne;United Kingdom
UK547;WF4;Crigglestone;United Kingdom
UK548;WA3;Croft;United Kingdom
UK550;NR27;Cromer;United Kingdom
UK551;L23;Crosby;United Kingdom
UK553;TN6;Crowborough;United Kingdom
UK554;CR0;Croydon;United Kingdom
UK555;CR2;Croydon;United Kingdom
UK556;CR5;Croydon;United Kingdom
UK557;CR7;Croydon;United Kingdom
UK558;CR8;Croydon;United Kingdom
UK559;SE19;Croydon;United Kingdom
UK560;SE25;Croydon;United Kingdom
UK562;RH17;Cuckfield Rural;United Kingdom
UK563;OX44;Cuddesdon;United Kingdom
UK564;OX14;Culham;United Kingdom
UK574;LA15;Dalton Town with Newton;United Kingdom
UK575;LA13;Dalton-in-Furness;United Kingdom
UK576;LA14;Dalton-in-Furness;United Kingdom
UK577;SR7;Dalton-le-Dale;United Kingdom
UK579;CM3;Danbury;United Kingdom
UK580;DA2;Darenth;United Kingdom
UK581;S73;Darfield;United Kingdom
UK582;DA1;Dartford;United Kingdom
UK583;TQ6;Dartmouth;United Kingdom
UK585;BB1;Darwen;United Kingdom
UK586;BB2;Darwen;United Kingdom
UK587;BB3;Darwen;United Kingdom
UK588;EX7;Dawlish;United Kingdom
UK589;PE6;Deeping St James;United Kingdom
UK592;UB9;Denham Green;United Kingdom
UK593;SO42;Denny Lodge;United Kingdom
UK595;PE38;Denver;United Kingdom
UK596;NE66;Denwick;United Kingdom
UK597;BD11;Dewsbury;United Kingdom
UK598;BD19;Dewsbury;United Kingdom
UK599;WF12;Dewsbury;United Kingdom
UK600;WF13;Dewsbury;United Kingdom
UK601;WF15;Dewsbury;United Kingdom
UK602;WF16;Dewsbury;United Kingdom
UK603;WF17;Dewsbury;United Kingdom
UK604;OX11;Didcot;United Kingdom
UK605;LE16;Dingley;United Kingdom
UK607;S25;Dinnington;United Kingdom
UK608;HP17;Dinton;United Kingdom
UK609;SP3;Dinton;United Kingdom
UK610;ME20;Ditton;United Kingdom
UK611;EX6;Doddiscombsleigh;United Kingdom
UK615;DT1;Dorchester;United Kingdom
UK616;KT23;Dorking;United Kingdom
UK617;RH4;Dorking;United Kingdom
UK618;B93;Dorridge;United Kingdom
UK622;CT14;Dover;United Kingdom
UK623;CT16;Dover;United Kingdom
UK624;CT17;Dover;United Kingdom
UK625;EX19;Dowland;United Kingdom
UK626;CB6;Downham;United Kingdom
UK628;SP5;Downton;United Kingdom
UK629;DE72;Draycott;United Kingdom
UK630;YO25;Driffield;United Kingdom
UK631;WR9;Droitwich;United Kingdom
UK632;S18;Dronfield;United Kingdom
UK633;GL17;Drybrook;United Kingdom
UK635;TA22;Dulverton;United Kingdom
UK637;RG25;Dummer;United Kingdom
UK638;CV23;Dunchurch;United Kingdom
UK647;LU6;Dunstable;United Kingdom
UK648;LN4;Dunston;United Kingdom
UK649;TN14;Dunton Green;United Kingdom
UK650;DH1;Durham;United Kingdom
UK651;GL11;Dursley;United Kingdom
UK652;NN5;Duston;United Kingdom
UK655;W13;Ealing;United Kingdom
UK656;W3;Ealing;United Kingdom
UK657;W5;Ealing;United Kingdom
UK658;W7;Ealing;United Kingdom
UK659;RG6;Earley;United Kingdom
UK661;YO32;Earswick;United Kingdom
UK662;YO61;Easingwold;United Kingdom
UK663;RH19;East Grinstead;United Kingdom
UK664;E13;East Ham;United Kingdom
UK665;E16;East Ham;United Kingdom
UK666;E6;East Ham;United Kingdom
UK667;KT24;East Horsley;United Kingdom
UK669;BN20;Eastbourne;United Kingdom
UK670;BN21;Eastbourne;United Kingdom
UK671;BN23;Eastbourne;United Kingdom
UK672;SO50;Eastleigh;United Kingdom
UK673;SO53;Eastleigh;United Kingdom
UK675;S35;Ecclesfield;United Kingdom
UK676;ST21;Eccleshall;United Kingdom
UK677;S21;Eckington;United Kingdom
UK678;TN8;Edenbridge;United Kingdom
UK679;DN3;Edenthorpe;United Kingdom
UK693;TS16;Egglescliffe;United Kingdom
UK694;TW20;Egham;United Kingdom
UK696;CA22;Egremont;United Kingdom
UK697;CA24;Egremont;United Kingdom
UK699;HU11;Ellerby;United Kingdom
UK700;HU15;Ellerker;United Kingdom
UK701;SY12;Ellesmere;United Kingdom
UK702;CH64;Ellesmere Port;United Kingdom
UK703;CH65;Ellesmere Port;United Kingdom
UK704;CH66;Ellesmere Port;United Kingdom
UK705;NE67;Ellingham;United Kingdom
UK707;CO7;Elmstead;United Kingdom
UK708;NE19;Elsdon;United Kingdom
UK709;SE18;Eltham;United Kingdom
UK710;SE2;Eltham;United Kingdom
UK711;SE28;Eltham;United Kingdom
UK712;SE9;Eltham;United Kingdom
UK714;PE14;Emneth;United Kingdom
UK715;EN1;Enfield;United Kingdom
UK716;EN2;Enfield;United Kingdom
UK717;EN3;Enfield;United Kingdom
UK718;N11;Enfield;United Kingdom
UK719;N13;Enfield;United Kingdom
UK720;N14;Enfield;United Kingdom
UK721;N18;Enfield;United Kingdom
UK722;N21;Enfield;United Kingdom
UK723;N9;Enfield;United Kingdom
UK724;CM16;Epping;United Kingdom
UK725;KT17;Epsom;United Kingdom
UK726;KT19;Epsom;United Kingdom
UK727;NR11;Erpingham;United Kingdom
UK728;DH7;Esh;United Kingdom
UK729;KT10;Esher;United Kingdom
UK730;KT7;Esher;United Kingdom
UK732;DN10;Everton;United Kingdom
UK733;SG19;Everton;United Kingdom
UK734;WR11;Evesham;United Kingdom
UK735;EX1;Exeter;United Kingdom
UK736;EX2;Exeter;United Kingdom
UK737;EX3;Exeter;United Kingdom
UK738;EX4;Exeter;United Kingdom
UK739;EX8;Exmouth;United Kingdom
UK740;IP23;Eye;United Kingdom
UK741;OX29;Eynsham;United Kingdom
UK743;NR21;Fakenham;United Kingdom
UK744;TR11;Falmouth;United Kingdom
UK745;PE7;Farcet;United Kingdom
UK746;GU14;Farnborough;United Kingdom
UK747;GU10;Farnham;United Kingdom
UK748;GU9;Farnham;United Kingdom
UK749;ME13;Faversham;United Kingdom
UK750;WF7;Featherstone;United Kingdom
UK751;IP11;Felixstowe;United Kingdom
UK752;PO22;Felpham;United Kingdom
UK754;BH22;Ferndown;United Kingdom
UK756;DL17;Ferryhill;United Kingdom
UK759;LN3;Fiskerton;United Kingdom
UK761;GU13;Fleet;United Kingdom
UK762;GU51;Fleet;United Kingdom
UK763;GU52;Fleet;United Kingdom
UK764;PE12;Fleet;United Kingdom
UK765;CH6;Flint;United Kingdom
UK766;CT19;Folkestone;United Kingdom
UK767;CT20;Folkestone;United Kingdom
UK768;CO6;Fordham;United Kingdom
UK769;SP6;Fordingbridge;United Kingdom
UK770;RH18;Forest Row;United Kingdom
UK771;PL35;Forrabury and Minster;United Kingdom
UK773;ST11;Forsbrook;United Kingdom
UK776;TN18;Four Throws;United Kingdom
UK777;PL23;Fowey;United Kingdom
UK778;BS36;Frampton Cotterell;United Kingdom
UK780;PR4;Freckleton;United Kingdom
UK781;PO40;Freshwater;United Kingdom
UK782;OX27;Fringford;United Kingdom
UK783;CO13;Frinton and Walton;United Kingdom
UK784;CO14;Frinton and Walton;United Kingdom
UK785;WA6;Frodsham;United Kingdom
UK786;BA11;Frome;United Kingdom
UK787;CB1;Fulbourn;United Kingdom
UK788;PO18;Funtington;United Kingdom
UK792;L18;Garston;United Kingdom
UK793;L19;Garston;United Kingdom
UK794;L24;Garston;United Kingdom
UK795;L25;Garston;United Kingdom
UK800;LS27;Gildersome;United Kingdom
UK801;ME7;Gillingham;United Kingdom
UK802;ME8;Gillingham;United Kingdom
UK803;SP8;Gillingham;United Kingdom
UK804;LE17;Gilmorton;United Kingdom
UK834;BA6;Glastonbury;United Kingdom
UK839;SK13;Glossop;United Kingdom
UK840;GL1;Gloucester;United Kingdom
UK841;GL2;Gloucester;United Kingdom
UK842;GL4;Gloucester;United Kingdom
UK843;ST20;Gnosall;United Kingdom
UK844;GU7;Godalming;United Kingdom
UK845;RH9;Godstone;United Kingdom
UK849;CA20;Gosforth;United Kingdom
UK850;PO12;Gosport;United Kingdom
UK851;PO13;Gosport;United Kingdom
UK854;LA11;Grange-over-Sands;United Kingdom
UK857;NG31;Grantham;United Kingdom
UK859;DA11;Gravesend;United Kingdom
UK860;DA12;Gravesend;United Kingdom
UK861;NG16;Greasley;United Kingdom
UK862;TS9;Great and Little Broughton;United Kingdom
UK863;DL5;Great Aycliffe;United Kingdom
UK864;CM2;Great Baddow;United Kingdom
UK865;CM6;Great Dunmow;United Kingdom
UK866;NG32;Great Gonerby;United Kingdom
UK867;CM22;Great Hallingbury;United Kingdom
UK868;WR14;Great Malvern;United Kingdom
UK869;HP16;Great Missenden;United Kingdom
UK870;WA5;Great Sankey;United Kingdom
UK871;CB2;Great Shelford;United Kingdom
UK872;WS6;Great Wyrley;United Kingdom
UK873;NR29;Great Yarmouth;United Kingdom
UK874;NR30;Great Yarmouth;United Kingdom
UK875;NR31;Great Yarmouth;United Kingdom
UK881;SE10;Greenwich;United Kingdom
UK882;SE12;Greenwich;United Kingdom
UK883;SE3;Greenwich;United Kingdom
UK884;SE7;Greenwich;United Kingdom
UK887;LS24;Grimston;United Kingdom
UK888;S32;Grindleford;United Kingdom
UK889;TS22;Grindon;United Kingdom
UK890;LE6;Groby;United Kingdom
UK891;GU1;Guildford;United Kingdom
UK892;GU2;Guildford;United Kingdom
UK893;GU4;Guildford;United Kingdom
UK894;TS14;Guisborough;United Kingdom
UK895;LS19;Guiseley;United Kingdom
UK896;LS20;Guiseley;United Kingdom
UK899;E5;Hackney;United Kingdom
UK900;E8;Hackney;United Kingdom
UK901;E9;Hackney;United Kingdom
UK902;N16;Hackney;United Kingdom
UK903;N4;Hackney;United Kingdom
UK904;BN27;Hailsham;United Kingdom
UK905;IP19;Halesworth;United Kingdom
UK906;L26;Halewood;United Kingdom
UK907;HD6;Halifax;United Kingdom
UK908;HX1;Halifax;United Kingdom
UK909;HX2;Halifax;United Kingdom
UK910;HX3;Halifax;United Kingdom
UK911;HX4;Halifax;United Kingdom
UK912;HX5;Halifax;United Kingdom
UK913;HX6;Halifax;United Kingdom
UK915;DL2;Halnaby Ave;United Kingdom
UK916;NE49;Haltwhistle;United Kingdom
UK917;LE15;Hambleton;United Kingdom
UK919;SW6;Hammersmith;United Kingdom
UK920;W12;Hammersmith;United Kingdom
UK921;W14;Hammersmith;United Kingdom
UK922;W6;Hammersmith;United Kingdom
UK923;HR1;Hampton Bishop;United Kingdom
UK924;FY5;Hardhorn and Thornton;United Kingdom
UK925;FY6;Hardhorn and Thornton;United Kingdom
UK926;FY7;Hardhorn and Thornton;United Kingdom
UK927;CB3;Hardwick;United Kingdom
UK928;LS17;Harewood;United Kingdom
UK930;IP20;Harleston;United Kingdom
UK931;CM17;Harlow;United Kingdom
UK932;CM18;Harlow;United Kingdom
UK933;CM19;Harlow;United Kingdom
UK934;CM20;Harlow;United Kingdom
UK935;AL5;Harpenden;United Kingdom
UK936;HG1;Harrogate;United Kingdom
UK937;HG2;Harrogate;United Kingdom
UK938;HA1;Harrow;United Kingdom
UK939;HA2;Harrow;United Kingdom
UK940;HA3;Harrow;United Kingdom
UK941;HA5;Harrow;United Kingdom
UK942;HA7;Harrow;United Kingdom
UK943;TN7;Hartfield;United Kingdom
UK944;DA3;Hartley;United Kingdom
UK945;CO12;Harwich;United Kingdom
UK946;GU26;Haslemere;United Kingdom
UK947;GU27;Haslemere;United Kingdom
UK948;TN34;Hastings;United Kingdom
UK949;TN35;Hastings;United Kingdom
UK950;TN37;Hastings;United Kingdom
UK951;TN38;Hastings;United Kingdom
UK952;AL10;Hatfield;United Kingdom
UK953;AL9;Hatfield;United Kingdom
UK954;DN7;Hatfield;United Kingdom
UK955;PO9;Havant;United Kingdom
UK957;CB9;Haverhill;United Kingdom
UK958;CV7;Hawkes End;United Kingdom
UK959;GL9;Hawkesbury;United Kingdom
UK960;CT18;Hawkinge;United Kingdom
UK961;DN9;Haxey;United Kingdom
UK962;SN25;Haydon Wick;United Kingdom
UK963;TR27;Hayle;United Kingdom
UK964;RH16;Haywards Heath;United Kingdom
UK965;HP15;Hazlemere;United Kingdom
UK966;DE75;Heanor;United Kingdom
UK967;TN21;Heathfield;United Kingdom
UK968;HX7;Hebden Royd;United Kingdom
UK969;SO30;Hedge End;United Kingdom
UK971;PL30;Helland;United Kingdom
UK972;TR13;Helston;United Kingdom
UK973;HP1;Hemel Hempstead;United Kingdom
UK974;HP2;Hemel Hempstead;United Kingdom
UK975;HP3;Hemel Hempstead;United Kingdom
UK976;IP6;Hemingstone;United Kingdom
UK977;NR15;Hempnall;United Kingdom
UK978;BN5;Henfield;United Kingdom
UK979;B95;Henley-in-Arden;United Kingdom
UK980;SG16;Henlow;United Kingdom
UK982;PO10;Hermitage;United Kingdom
UK983;YO10;Heslington;United Kingdom
UK984;IP30;Hessett;United Kingdom
UK985;HU13;Hessle;United Kingdom
UK986;CH60;Heswall;United Kingdom
UK987;CH61;Heswall;United Kingdom
UK988;DH5;Hetton;United Kingdom
UK989;NR10;Hevingham;United Kingdom
UK990;NE46;Hexham;United Kingdom
UK991;CM9;Heybridge;United Kingdom
UK992;OL10;Heywood;United Kingdom
UK993;EX37;High Bickington;United Kingdom
UK994;HP11;High Wycombe;United Kingdom
UK995;HP12;High Wycombe;United Kingdom
UK996;HP13;High Wycombe;United Kingdom
UK997;CB23;Highfields;United Kingdom
UK998;HA4;Hillingdon;United Kingdom
UK999;HA6;Hillingdon;United Kingdom
UK1000;TW6;Hillingdon;United Kingdom
UK1001;UB10;Hillingdon;United Kingdom
UK1002;UB11;Hillingdon;United Kingdom
UK1003;UB3;Hillingdon;United Kingdom
UK1004;UB4;Hillingdon;United Kingdom
UK1005;UB7;Hillingdon;United Kingdom
UK1006;UB8;Hillingdon;United Kingdom
UK1007;DE65;Hilton;United Kingdom
UK1008;LE10;Hinckley;United Kingdom
UK1009;LE9;Hinckley;United Kingdom
UK1010;TA17;Hinton St George;United Kingdom
UK1011;SG6;Hitchin;United Kingdom
UK1012;SS5;Hockley;United Kingdom
UK1013;EN11;Hoddesdon;United Kingdom
UK1014;IP9;Holbrook;United Kingdom
UK1015;TF3;Hollinswood;United Kingdom
UK1016;HD9;Holme;United Kingdom
UK1017;CW4;Holmes Chapel;United Kingdom
UK1018;EX22;Holsworthy Hamlets;United Kingdom
UK1019;NR25;Holt;United Kingdom
UK1020;OX33;Holton;United Kingdom
UK1021;CH8;Holywell;United Kingdom
UK1023;EX14;Honiton;United Kingdom
UK1024;ME3;Hoo St Werburgh;United Kingdom
UK1025;RG27;Hook;United Kingdom
UK1027;SY7;Hopesay;United Kingdom
UK1028;ST18;Hopton;United Kingdom
UK1029;RH6;Horley;United Kingdom
UK1030;LN9;Horncastle;United Kingdom
UK1031;PO8;Horndean;United Kingdom
UK1032;HU18;Hornsea;United Kingdom
UK1033;PL20;Horrabridge;United Kingdom
UK1034;RH12;Horsham;United Kingdom
UK1035;DA4;Horton Kirby;United Kingdom
UK1036;BL6;Horwich;United Kingdom
UK1037;DH4;Houghton-le-Spring;United Kingdom
UK1038;SR3;Houghton-le-Spring;United Kingdom
UK1039;SR4;Houghton-le-Spring;United Kingdom
UK1040;TW13;Hounslow;United Kingdom
UK1041;TW14;Hounslow;United Kingdom
UK1042;TW3;Hounslow;United Kingdom
UK1043;TW4;Hounslow;United Kingdom
UK1044;TW5;Hounslow;United Kingdom
UK1045;TW7;Hounslow;United Kingdom
UK1046;TW8;Hounslow;United Kingdom
UK1047;W4;Hounslow;United Kingdom
UK1049;CH47;Hoylake;United Kingdom
UK1050;CH48;Hoylake;United Kingdom
UK1051;S74;Hoyland;United Kingdom
UK1052;GL3;Hucclecote;United Kingdom
UK1053;HD1;Huddersfield;United Kingdom
UK1054;HD2;Huddersfield;United Kingdom
UK1055;HD3;Huddersfield;United Kingdom
UK1056;HD4;Huddersfield;United Kingdom
UK1057;HD5;Huddersfield;United Kingdom
UK1058;HD7;Huddersfield;United Kingdom
UK1059;HU1;Hull;United Kingdom
UK1060;HU2;Hull;United Kingdom
UK1061;HU3;Hull;United Kingdom
UK1062;HU4;Hull;United Kingdom
UK1063;HU5;Hull;United Kingdom
UK1064;HU6;Hull;United Kingdom
UK1065;HU7;Hull;United Kingdom
UK1066;HU8;Hull;United Kingdom
UK1067;HU9;Hull;United Kingdom
UK1068;RG17;Hungerford;United Kingdom
UK1069;S36;Hunshelf;United Kingdom
UK1070;PE29;Huntingdon;United Kingdom
UK1072;B62;Hurst Green;United Kingdom
UK1073;B63;Hurst Green;United Kingdom
UK1074;BS24;Hutton;United Kingdom
UK1075;TS28;Hutton Henry;United Kingdom
UK1076;YO21;Hutton Mulgrave;United Kingdom
UK1077;CT21;Hythe;United Kingdom
UK1078;SO45;Hythe;United Kingdom
UK1079;L36;Hyton;United Kingdom
UK1080;SG5;Ickleford;United Kingdom
UK1081;TN36;Icklesham;United Kingdom
UK1082;BB12;Ightenhill;United Kingdom
UK1083;E18;Ilford;United Kingdom
UK1084;IG1;Ilford;United Kingdom
UK1085;IG2;Ilford;United Kingdom
UK1086;IG3;Ilford;United Kingdom
UK1087;IG4;Ilford;United Kingdom
UK1088;IG5;Ilford;United Kingdom
UK1089;IG6;Ilford;United Kingdom
UK1090;IG8;Ilford;United Kingdom
UK1091;EX34;Ilfracombe;United Kingdom
UK1092;DE7;Ilkeston;United Kingdom
UK1093;NG10;Ilkeston;United Kingdom
UK1094;LS29;Ilkley;United Kingdom
UK1095;TA19;Ilminster;United Kingdom
UK1096;DN40;Immingham;United Kingdom
UK1097;CB4;Impington;United Kingdom
UK1098;CM4;Ingatestone;United Kingdom
UK1104;SG4;Ippollitts;United Kingdom
UK1105;IP1;Ipswich;United Kingdom
UK1106;IP2;Ipswich;United Kingdom
UK1107;IP3;Ipswich;United Kingdom
UK1108;IP4;Ipswich;United Kingdom
UK1109;LA16;Ireleth;United Kingdom
UK1110;NN9;Irthlingborough;United Kingdom
UK1116;TR21;Isles of Scilly;United Kingdom
UK1117;TR22;Isles of Scilly;United Kingdom
UK1118;TR23;Isles of Scilly;United Kingdom
UK1119;TR24;Isles of Scilly;United Kingdom
UK1120;TR25;Isles of Scilly;United Kingdom
UK1121;EC1;Islington;United Kingdom
UK1122;EC1A;Islington;United Kingdom
UK1123;EC1M;Islington;United Kingdom
UK1124;EC1R;Islington;United Kingdom
UK1125;EC1V;Islington;United Kingdom
UK1126;EC1Y;Islington;United Kingdom
UK1127;EC2;Islington;United Kingdom
UK1128;EC2A;Islington;United Kingdom
UK1129;EC3P;Islington;United Kingdom
UK1130;N1;Islington;United Kingdom
UK1131;N19;Islington;United Kingdom
UK1132;N5;Islington;United Kingdom
UK1133;N7;Islington;United Kingdom
UK1134;SL0;Iver;United Kingdom
UK1135;PL21;Ivybridge;United Kingdom
UK1142;BD21;Keighley;United Kingdom
UK1143;BD22;Keighley;United Kingdom
UK1144;IP17;Kelsale;United Kingdom
UK1145;MK42;Kempston;United Kingdom
UK1146;MK43;Kempston Rural;United Kingdom
UK1147;LA8;Kendal;United Kingdom
UK1148;LA9;Kendal;United Kingdom
UK1149;CV8;Kenilworth;United Kingdom
UK1150;SW10;Kensington;United Kingdom
UK1151;SW3;Kensington;United Kingdom
UK1152;SW5;Kensington;United Kingdom
UK1153;SW7;Kensington;United Kingdom
UK1154;W10;Kensington;United Kingdom
UK1155;W11;Kensington;United Kingdom
UK1156;W8;Kensington;United Kingdom
UK1157;EX15;Kentisbeare;United Kingdom
UK1159;TR4;Kenwyn;United Kingdom
UK1160;IP5;Kesgrave;United Kingdom
UK1161;CA12;Keswick;United Kingdom
UK1162;NN15;Kettering;United Kingdom
UK1163;NN16;Kettering;United Kingdom
UK1164;IP13;Kettleburgh;United Kingdom
UK1165;BS31;Keynsham;United Kingdom
UK1166;DY10;Kidderminster;United Kingdom
UK1167;DY11;Kidderminster;United Kingdom
UK1168;OX5;Kidlington;United Kingdom
UK1169;ST7;Kidsgrove;United Kingdom
UK1173;LE8;Kilby;United Kingdom
UK1180;BA3;Kilmersdon;United Kingdom
UK1183;SK17;King Sterndale;United Kingdom
UK1184;WD4;Kings Langley;United Kingdom
UK1185;PE30;King's Lynn;United Kingdom
UK1186;TQ7;Kingsbridge;United Kingdom
UK1187;KT1;Kingston Upon Thames;United Kingdom
UK1188;KT2;Kingston Upon Thames;United Kingdom
UK1189;KT3;Kingston Upon Thames;United Kingdom
UK1190;KT5;Kingston Upon Thames;United Kingdom
UK1191;KT6;Kingston Upon Thames;United Kingdom
UK1192;KT9;Kingston Upon Thames;United Kingdom
UK1193;BS15;Kingswood;United Kingdom
UK1194;BS16;Kingswood;United Kingdom
UK1195;GL12;Kingswood;United Kingdom
UK1196;HR5;Kington Rural;United Kingdom
UK1199;DY7;Kinver;United Kingdom
UK1201;HD8;Kirkburton;United Kingdom
UK1202;L32;Kirkby;United Kingdom
UK1203;L33;Kirkby;United Kingdom
UK1204;LA17;Kirkby Ireleth;United Kingdom
UK1205;CA17;Kirkby Stephen;United Kingdom
UK1210;TS15;Kirklevington;United Kingdom
UK1211;CA6;Kirklinton;United Kingdom
UK1216;HG5;Knaresborough;United Kingdom
UK1217;SG3;Knebworth;United Kingdom
UK1219;WA16;Knutsford;United Kingdom
UK1221;CV47;Ladbroke;United Kingdom
UK1222;LA22;Lakes;United Kingdom
UK1223;SE11;Lambeth;United Kingdom
UK1224;SE27;Lambeth;United Kingdom
UK1225;SW16;Lambeth;United Kingdom
UK1226;SW2;Lambeth;United Kingdom
UK1227;SW4;Lambeth;United Kingdom
UK1228;SW8;Lambeth;United Kingdom
UK1229;SW9;Lambeth;United Kingdom
UK1230;LA1;Lancaster;United Kingdom
UK1231;LA3;Lancaster;United Kingdom
UK1232;LA4;Lancaster;United Kingdom
UK1233;BN15;Lancing;United Kingdom
UK1235;BD24;Langcliffe;United Kingdom
UK1236;TA10;Langport;United Kingdom
UK1240;CO5;Layer Breton;United Kingdom
UK1241;DL14;Lcp Stanhope and Wolsingham Parishes And;United Kingdom
UK1242;DL15;Lcp Stanhope and Wolsingham Parishes And;United Kingdom
UK1243;CV31;Leamington Spa;United Kingdom
UK1244;CV32;Leamington Spa;United Kingdom
UK1245;KT21;Leatherhead;United Kingdom
UK1246;KT22;Leatherhead;United Kingdom
UK1247;HR8;Ledbury;United Kingdom
UK1248;ME17;Leeds;United Kingdom
UK1249;ST13;Leek;United Kingdom
UK1250;WN7;Leigh;United Kingdom
UK1251;LU7;Leighton-Linslade;United Kingdom
UK1252;IP16;Leiston;United Kingdom
UK1253;HR6;Leominster;United Kingdom
UK1256;IP10;Levington;United Kingdom
UK1257;BN7;Lewes;United Kingdom
UK1258;SE13;Lewisham;United Kingdom
UK1259;SE14;Lewisham;United Kingdom
UK1260;SE23;Lewisham;United Kingdom
UK1261;SE26;Lewisham;United Kingdom
UK1262;SE4;Lewisham;United Kingdom
UK1263;SE6;Lewisham;United Kingdom
UK1264;SE8;Lewisham;United Kingdom
UK1266;PR25;Leyland;United Kingdom
UK1267;PR26;Leyland;United Kingdom
UK1268;WS13;Lichfield;United Kingdom
UK1269;PL16;Lifton;United Kingdom
UK1270;RH8;Limpsfield;United Kingdom
UK1271;LN6;Lincoln;United Kingdom
UK1272;GU35;Lindford;United Kingdom
UK1273;RH7;Lingfield;United Kingdom
UK1275;LN8;Linwood;United Kingdom
UK1276;GU30;Liphook;United Kingdom
UK1277;PL14;Liskeard;United Kingdom
UK1279;GU33;Liss;United Kingdom
UK1280;CO16;Little Clacton;United Kingdom
UK1281;CB22;Little Shelford;United Kingdom
UK1282;EX38;Little Torrington;United Kingdom
UK1283;GL14;Littledean;United Kingdom
UK1284;BN17;Littlehampton;United Kingdom
UK1332;DE74;Lockington;United Kingdom
UK1333;SO31;Locks Heath;United Kingdom
UK1334;CB25;Lode;United Kingdom
UK1335;TS13;Loftus;United Kingdom
UK1337;BS41;Long Ashton;United Kingdom
UK1338;BN26;Long Man;United Kingdom
UK1339;NE12;Longbenton;United Kingdom
UK1340;BA12;Longbridge Deverill;United Kingdom
UK1341;SY5;Longden;United Kingdom
UK1342;SO20;Longstock;United Kingdom
UK1343;PL13;Looe;United Kingdom
UK1345;PL22;Lostwithiel;United Kingdom
UK1346;LE11;Loughborough;United Kingdom
UK1347;LE12;Loughborough;United Kingdom
UK1348;IG10;Loughton;United Kingdom
UK1349;IG7;Loughton;United Kingdom
UK1350;IG9;Loughton;United Kingdom
UK1351;LN11;Louth;United Kingdom
UK1352;NG14;Lowdham;United Kingdom
UK1353;CT4;Lower Hardres;United Kingdom
UK1354;TR20;Ludgvan;United Kingdom
UK1355;SY8;Ludlow;United Kingdom
UK1358;TA4;Lydeard St Lawrence;United Kingdom
UK1359;SY9;Lydham;United Kingdom
UK1360;GL15;Lydney;United Kingdom
UK1361;DT7;Lyme Regis;United Kingdom
UK1362;SO41;Lymington;United Kingdom
UK1363;WA13;Lymm;United Kingdom
UK1364;SO43;Lyndhurst;United Kingdom
UK1365;EX35;Lynton;United Kingdom
UK1366;FY8;Lytham Saint Annes;United Kingdom
UK1367;LN12;Mablethorpe;United Kingdom
UK1368;SK10;Macclesfield;United Kingdom
UK1369;SK11;Macclesfield;United Kingdom
UK1370;SK9;Macclesfield;United Kingdom
UK1372;TF7;Madeley;United Kingdom
UK1375;L31;Maghull;United Kingdom
UK1376;SL6;Maidenhead;United Kingdom
UK1377;ME14;Maidstone;United Kingdom
UK1378;ME15;Maidstone;United Kingdom
UK1379;ME16;Maidstone;United Kingdom
UK1381;SN16;Malmesbury;United Kingdom
UK1382;SY14;Malpas;United Kingdom
UK1383;M1;Manchester;United Kingdom
UK1384;M11;Manchester;United Kingdom
UK1385;M12;Manchester;United Kingdom
UK1386;M13;Manchester;United Kingdom
UK1387;M14;Manchester;United Kingdom
UK1388;M15;Manchester;United Kingdom
UK1389;M16;Manchester;United Kingdom
UK1390;M18;Manchester;United Kingdom
UK1391;M19;Manchester;United Kingdom
UK1392;M2;Manchester;United Kingdom
UK1393;M20;Manchester;United Kingdom
UK1394;M21;Manchester;United Kingdom
UK1395;M22;Manchester;United Kingdom
UK1396;M23;Manchester;United Kingdom
UK1397;M4;Manchester;United Kingdom
UK1398;M40;Manchester;United Kingdom
UK1399;M60;Manchester;United Kingdom
UK1400;M8;Manchester;United Kingdom
UK1401;M9;Manchester;United Kingdom
UK1402;SN9;Manningford;United Kingdom
UK1403;NG18;Mansfield;United Kingdom
UK1404;NG19;Mansfield;United Kingdom
UK1405;CT12;Manston;United Kingdom
UK1406;TR17;Marazion;United Kingdom
UK1407;PE15;March;United Kingdom
UK1408;OX13;Marcham;United Kingdom
UK1409;CT11;Margate;United Kingdom
UK1410;CT8;Margate;United Kingdom
UK1411;CT9;Margate;United Kingdom
UK1412;CV13;Market Bosworth;United Kingdom
UK1413;YO43;Market Weighton;United Kingdom
UK1414;NR9;Marlingford;United Kingdom
UK1415;SL7;Marlow;United Kingdom
UK1416;DL11;Marske;United Kingdom
UK1417;WR6;Martley;United Kingdom
UK1418;TA12;Martock;United Kingdom
UK1419;CA15;Maryport;United Kingdom
UK1420;DE4;Matlock Bath;United Kingdom
UK1422;MK45;Maulden;United Kingdom
UK1423;TN20;Mayfield;United Kingdom
UK1425;SG8;Melbourn;United Kingdom
UK1426;SN12;Melksham;United Kingdom
UK1427;LE13;Melton Mowbray;United Kingdom
UK1428;LE14;Melton Mowbray;United Kingdom
UK1430;DA13;Meopham Station;United Kingdom
UK1431;TA16;Merriott;United Kingdom
UK1432;CR4;Merton;United Kingdom
UK1433;SM4;Merton;United Kingdom
UK1434;SW19;Merton;United Kingdom
UK1435;SW20;Merton;United Kingdom
UK1436;IP26;Methwold;United Kingdom
UK1437;LS25;Micklefield;United Kingdom
UK1438;M24;Middleton;United Kingdom
UK1439;OX17;Middleton Cheney;United Kingdom
UK1440;CW10;Middlewich;United Kingdom
UK1441;GU29;Midhurst;United Kingdom
UK1444;LA18;Millom;United Kingdom
UK1449;LA7;Milnthorpe;United Kingdom
UK1450;WF14;Mirfield;United Kingdom
UK1451;CO11;Mistley;United Kingdom
UK1455;CH7;Mold;United Kingdom
UK1456;TS27;Monk Hesleden;United Kingdom
UK1458;TA15;Montacute;United Kingdom
UK1460;GL56;Moreton-in-Marsh;United Kingdom
UK1461;NE61;Morpeth;United Kingdom
UK1463;OL5;Mossley;United Kingdom
UK1468;SG10;Much Hadham;United Kingdom
UK1469;TF13;Much Wenlock;United Kingdom
UK1470;BA22;Mudford;United Kingdom
UK1472;CA18;Muncaster;United Kingdom
UK1473;CA19;Muncaster;United Kingdom
UK1475;YO14;Muston;United Kingdom
UK1477;SY4;Myddle;United Kingdom
UK1478;BS48;Nailsea;United Kingdom
UK1480;CW5;Nantwich;United Kingdom
UK1482;GL54;Naunton;United Kingdom
UK1483;YO62;Nawton;United Kingdom
UK1484;BS40;Nempnett Thrubwell;United Kingdom
UK1486;LN2;Nettleham;United Kingdom
UK1487;PO34;Nettlestone;United Kingdom
UK1489;SK22;New Mills;United Kingdom
UK1490;BH25;New Milton;United Kingdom
UK1492;TN28;New Romney;United Kingdom
UK1494;NG24;Newark-on-Trent;United Kingdom
UK1495;NE15;Newburn;United Kingdom
UK1496;NE5;Newburn;United Kingdom
UK1497;RG14;Newbury;United Kingdom
UK1498;RG20;Newbury;United Kingdom
UK1501;ST5;Newcastle-under-Lyme;United Kingdom
UK1502;BB8;Newchurch;United Kingdom
UK1503;BB9;Newchurch;United Kingdom
UK1504;BN9;Newhaven;United Kingdom
UK1506;CB11;Newport;United Kingdom
UK1507;PO30;Newport;United Kingdom
UK1508;PO32;Newport;United Kingdom
UK1509;PO33;Newport;United Kingdom
UK1511;TF10;Newport;United Kingdom
UK1512;MK16;Newport Pagnell;United Kingdom
UK1513;TR7;Newquay;United Kingdom
UK1514;BN45;Newtimber;United Kingdom
UK1515;TQ12;Newton Abbot;United Kingdom
UK1517;NE65;Newton on the Moor;United Kingdom
UK1520;WF6;Normanton;United Kingdom
UK1521;SO52;North Baddesley;United Kingdom
UK1523;WF9;North Elmsall;United Kingdom
UK1524;HU14;North Ferriby;United Kingdom
UK1525;DH3;North Lodge;United Kingdom
UK1526;NG23;North Muskham;United Kingdom
UK1527;WR7;North Piddle;United Kingdom
UK1528;HG4;North Stainley;United Kingdom
UK1529;NE68;North Sunderland;United Kingdom
UK1530;NR28;North Walsham;United Kingdom
UK1531;NN1;Northampton;United Kingdom
UK1532;NN2;Northampton;United Kingdom
UK1533;NN3;Northampton;United Kingdom
UK1534;NN4;Northampton;United Kingdom
UK1535;NN7;Northampton;United Kingdom
UK1536;CW9;Northwich;United Kingdom
UK1537;S1;Norton;United Kingdom
UK1538;S10;Norton;United Kingdom
UK1539;S11;Norton;United Kingdom
UK1540;S12;Norton;United Kingdom
UK1541;S13;Norton;United Kingdom
UK1542;S14;Norton;United Kingdom
UK1543;S17;Norton;United Kingdom
UK1544;S2;Norton;United Kingdom
UK1545;S20;Norton;United Kingdom
UK1546;S3;Norton;United Kingdom
UK1547;S4;Norton;United Kingdom
UK1548;S5;Norton;United Kingdom
UK1549;S6;Norton;United Kingdom
UK1550;S7;Norton;United Kingdom
UK1551;S8;Norton;United Kingdom
UK1552;S9;Norton;United Kingdom
UK1553;TA14;Norton Sub Hamdon;United Kingdom
UK1554;NR1;Norwich;United Kingdom
UK1555;NR2;Norwich;United Kingdom
UK1556;NR3;Norwich;United Kingdom
UK1557;NR4;Norwich;United Kingdom
UK1558;NR5;Norwich;United Kingdom
UK1559;NR6;Norwich;United Kingdom
UK1561;CV10;Nuneaton;United Kingdom
UK1562;CV11;Nuneaton;United Kingdom
UK1563;LE18;Oadby;United Kingdom
UK1564;RG29;Odiham;United Kingdom
UK1565;EX20;Okehampton Hamlets;United Kingdom
UK1566;NR16;Old Buckenham;United Kingdom
UK1568;PE36;Old Hunstanton;United Kingdom
UK1569;PE22;Old Leake;United Kingdom
UK1570;NG22;Ompton;United Kingdom
UK1572;CM5;Ongar;United Kingdom
UK1574;L39;Ormskirk;United Kingdom
UK1575;WN8;Ormskirk;United Kingdom
UK1576;CA5;Orton;United Kingdom
UK1577;DE6;Osmaston;United Kingdom
UK1578;SY11;Oswestry;United Kingdom
UK1579;SY10;Oswestry Rural;United Kingdom
UK1580;LS21;Otley;United Kingdom
UK1581;EX11;Ottery St Mary;United Kingdom
UK1582;NR32;Oulton Broad;United Kingdom
UK1583;NR33;Oulton Broad;United Kingdom
UK1584;CB24;Over;United Kingdom
UK1585;DE12;Overseal;United Kingdom
UK1586;IP25;Ovington;United Kingdom
UK1587;DN6;Owston;United Kingdom
UK1588;GL18;Oxenhall;United Kingdom
UK1589;OX1;Oxford;United Kingdom
UK1590;OX2;Oxford;United Kingdom
UK1591;OX3;Oxford;United Kingdom
UK1592;OX4;Oxford;United Kingdom
UK1593;NW8;Paddington;United Kingdom
UK1594;W1G;Paddington;United Kingdom
UK1595;W1H;Paddington;United Kingdom
UK1596;W1M;Paddington;United Kingdom
UK1597;W1U;Paddington;United Kingdom
UK1598;W1W;Paddington;United Kingdom
UK1599;W2;Paddington;United Kingdom
UK1600;W9;Paddington;United Kingdom
UK1601;PL28;Padstow;United Kingdom
UK1605;IP31;Pakenham;United Kingdom
UK1606;RG26;Pamber;United Kingdom
UK1607;M31;Partington;United Kingdom
UK1608;BN10;Peacehaven;United Kingdom
UK1609;TN31;Peasmarsh;United Kingdom
UK1612;M29;Pemberton;United Kingdom
UK1613;M46;Pemberton;United Kingdom
UK1614;WN1;Pemberton;United Kingdom
UK1615;WN2;Pemberton;United Kingdom
UK1616;WN3;Pemberton;United Kingdom
UK1617;WN4;Pemberton;United Kingdom
UK1618;WN5;Pemberton;United Kingdom
UK1619;WN6;Pemberton;United Kingdom
UK1629;ST19;Penkridge;United Kingdom
UK1633;TR10;Penryn;United Kingdom
UK1638;TR18;Penzance;United Kingdom
UK1639;TR3;Perranarworthal;United Kingdom
UK1640;TR6;Perranporth;United Kingdom
UK1643;SR8;Peterlee;United Kingdom
UK1644;GU31;Petersfield;United Kingdom
UK1645;YO18;Pickering;United Kingdom
UK1646;PE11;Pinchbeck;United Kingdom
UK1648;PL7;Plympton;United Kingdom
UK1649;PL9;Plymstock;United Kingdom
UK1651;NE20;Ponteland;United Kingdom
UK1653;E1;Poplar;United Kingdom
UK1654;E14;Poplar;United Kingdom
UK1655;E1W;Poplar;United Kingdom
UK1656;E2;Poplar;United Kingdom
UK1657;E3;Poplar;United Kingdom
UK1663;BS20;Portbury;United Kingdom
UK1666;DT5;Portland;United Kingdom
UK1670;EN6;Potters Bar;United Kingdom
UK1671;WD2;Potters Bar;United Kingdom
UK1672;WD23;Potters Bar;United Kingdom
UK1673;SK12;Poynton;United Kingdom
UK1675;GL52;Prestbury;United Kingdom
UK1677;PR1;Preston;United Kingdom
UK1678;PR2;Preston;United Kingdom
UK1679;HP27;Princes Risborough;United Kingdom
UK1680;NE42;Prudhoe;United Kingdom
UK1681;ME11;Queenborough;United Kingdom
UK1682;BD1;Queensbury;United Kingdom
UK1683;BD10;Queensbury;United Kingdom
UK1684;BD12;Queensbury;United Kingdom
UK1685;BD13;Queensbury;United Kingdom
UK1686;BD14;Queensbury;United Kingdom
UK1687;BD15;Queensbury;United Kingdom
UK1688;BD17;Queensbury;United Kingdom
UK1689;BD18;Queensbury;United Kingdom
UK1690;BD2;Queensbury;United Kingdom
UK1691;BD3;Queensbury;United Kingdom
UK1692;BD4;Queensbury;United Kingdom
UK1693;BD5;Queensbury;United Kingdom
UK1694;BD6;Queensbury;United Kingdom
UK1695;BD7;Queensbury;United Kingdom
UK1696;BD8;Queensbury;United Kingdom
UK1697;BD9;Queensbury;United Kingdom
UK1699;CV33;Radford Semele;United Kingdom
UK1700;WD7;Radlett;United Kingdom
UK1701;L35;Rainhill;United Kingdom
UK1702;NG21;Rainworth;United Kingdom
UK1703;PL10;Rame;United Kingdom
UK1705;BL0;Ramsbottom;United Kingdom
UK1706;PE26;Ramsey;United Kingdom
UK1708;YO30;Rawcliffe;United Kingdom
UK1709;S62;Rawmarsh;United Kingdom
UK1710;BB4;Rawtenstall;United Kingdom
UK1711;OL13;Rawtenstall;United Kingdom
UK1712;SS6;Rayleigh;United Kingdom
UK1713;AL3;Redbourn;United Kingdom
UK1714;TS10;Redcar;United Kingdom
UK1715;TS6;Redcar;United Kingdom
UK1716;B96;Redditch;United Kingdom
UK1717;B97;Redditch;United Kingdom
UK1718;B98;Redditch;United Kingdom
UK1719;TR15;Redruth;United Kingdom
UK1720;TR16;Redruth;United Kingdom
UK1721;KT20;Reigate and Banstead;United Kingdom
UK1722;RH1;Reigate and Banstead;United Kingdom
UK1723;RH2;Reigate and Banstead;United Kingdom
UK1724;SM7;Reigate and Banstead;United Kingdom
UK1732;SW13;Richmond;United Kingdom
UK1733;SW14;Richmond;United Kingdom
UK1734;TW1;Richmond;United Kingdom
UK1735;TW10;Richmond;United Kingdom
UK1736;TW11;Richmond;United Kingdom
UK1737;TW12;Richmond;United Kingdom
UK1738;TW2;Richmond;United Kingdom
UK1739;TW9;Richmond;United Kingdom
UK1740;BN8;Ringmer;United Kingdom
UK1741;M90;Ringway;United Kingdom
UK1742;BH24;Ringwood;United Kingdom
UK1743;DE5;Ripley;United Kingdom
UK1744;GU23;Ripley;United Kingdom
UK1745;ME1;Rochester;United Kingdom
UK1746;ME4;Rochester;United Kingdom
UK1747;ME5;Rochester;United Kingdom
UK1748;SS4;Rochford;United Kingdom
UK1749;GL5;Rodborough;United Kingdom
UK1750;TF6;Rodington;United Kingdom
UK1753;RM1;Romford;United Kingdom
UK1754;RM11;Romford;United Kingdom
UK1755;RM12;Romford;United Kingdom
UK1756;RM13;Romford;United Kingdom
UK1757;RM14;Romford;United Kingdom
UK1758;RM2;Romford;United Kingdom
UK1759;RM3;Romford;United Kingdom
UK1760;RM5;Romford;United Kingdom
UK1761;RM7;Romford;United Kingdom
UK1762;SO51;Romsey;United Kingdom
UK1764;HR9;Ross-on-Wye;United Kingdom
UK1765;RG9;Rotherfield Greys;United Kingdom
UK1767;LS26;Rothwell;United Kingdom
UK1768;SN10;Roundway;United Kingdom
UK1769;HU20;Rowley;United Kingdom
UK1770;TN1;Royal Tunbridge Wells;United Kingdom
UK1771;TN2;Royal Tunbridge Wells;United Kingdom
UK1772;TN3;Royal Tunbridge Wells;United Kingdom
UK1773;TN4;Royal Tunbridge Wells;United Kingdom
UK1775;CV21;Rugby;United Kingdom
UK1776;CV22;Rugby;United Kingdom
UK1777;WA7;Runcorn;United Kingdom
UK1778;WA8;Runcorn;United Kingdom
UK1779;NN10;Rushden;United Kingdom
UK1780;BN16;Rustington;United Kingdom
UK1783;OL3;Saddleworth;United Kingdom
UK1784;CB10;Saffron Walden;United Kingdom
UK1785;TQ8;Salcombe;United Kingdom
UK1786;TN32;Salehurst;United Kingdom
UK1787;SP1;Salisbury;United Kingdom
UK1788;SP2;Salisbury;United Kingdom
UK1789;PL12;Saltash;United Kingdom
UK1790;TS11;Saltburn Marske and New Marske;United Kingdom
UK1791;BB18;Salterforth;United Kingdom
UK1792;CH4;Saltney;United Kingdom
UK1793;TR19;Sancreed;United Kingdom
UK1794;CW11;Sandbach;United Kingdom
UK1795;EX17;Sandford;United Kingdom
UK1796;GU47;Sandhurst;United Kingdom
UK1797;PO36;Sandown;United Kingdom
UK1798;AL4;Sandridge;United Kingdom
UK1799;PE35;Sandringham;United Kingdom
UK1800;CT13;Sandwich;United Kingdom
UK1802;SN8;Savernake;United Kingdom
UK1803;CM21;Sawbridgeworth;United Kingdom
UK1805;YO11;Scarborough;United Kingdom
UK1806;YO12;Scarborough;United Kingdom
UK1807;NR19;Scarning;United Kingdom
UK1808;BN25;Seaford;United Kingdom
UK1809;EX12;Seaton;United Kingdom
UK1810;LA10;Sedbergh;United Kingdom
UK1811;TS21;Sedgefield;United Kingdom
UK1812;YO8;Selby;United Kingdom
UK1813;YO17;Settrington;United Kingdom
UK1814;TN13;Sevenoaks;United Kingdom
UK1815;DH6;Shadforth;United Kingdom
UK1816;TN26;Shadoxhurst;United Kingdom
UK1817;SP7;Shaftesbury;United Kingdom
UK1818;PO37;Shanklin;United Kingdom
UK1819;OL2;Shaw;United Kingdom
UK1820;SG17;Shefford;United Kingdom
UK1821;SN7;Shellingford;United Kingdom
UK1822;MK4;Shenley Brook End;United Kingdom
UK1823;MK5;Shenley Church End;United Kingdom
UK1824;BA4;Shepton Mallet;United Kingdom
UK1825;NR26;Sheringham;United Kingdom
UK1826;TF11;Shifnal;United Kingdom
UK1827;DL4;Shildon;United Kingdom
UK1828;CV36;Shipston-on-Stour;United Kingdom
UK1829;BN42;Shoreham-by-Sea;United Kingdom
UK1830;BN43;Shoreham-by-Sea;United Kingdom
UK1831;CH5;Shotton;United Kingdom
UK1832;PE33;Shouldham;United Kingdom
UK1833;SY1;Shrewsbury;United Kingdom
UK1834;SY2;Shrewsbury;United Kingdom
UK1835;SY3;Shrewsbury;United Kingdom
UK1836;CO9;Sible Hedingham;United Kingdom
UK1837;PO20;Sidlesham;United Kingdom
UK1838;EX10;Sidmouth;United Kingdom
UK1839;ME10;Sittingbourne;United Kingdom
UK1840;ME12;Sittingbourne;United Kingdom
UK1841;ME9;Sittingbourne;United Kingdom
UK1842;DL10;Skeeby;United Kingdom
UK1843;PE25;Skegness;United Kingdom
UK1845;TS12;Skelton;United Kingdom
UK1847;NG34;Sleaford;United Kingdom
UK1848;NR12;Smallburgh;United Kingdom
UK1849;TN27;Smarden;United Kingdom
UK1850;YO22;Snainton;United Kingdom
UK1851;PE31;Snettisham;United Kingdom
UK1852;ME6;Snodland;United Kingdom
UK1853;CB7;Soham;United Kingdom
UK1854;TA11;Somerton;United Kingdom
UK1856;TQ10;South Brent;United Kingdom
UK1857;PO11;South Hayling;United Kingdom
UK1858;OX8;South Leigh;United Kingdom
UK1859;TA13;South Petherton;United Kingdom
UK1860;PL15;South Petherwin;United Kingdom
UK1861;SP9;South Tidworth;United Kingdom
UK1862;UB1;Southall;United Kingdom
UK1863;UB2;Southall;United Kingdom
UK1864;UB5;Southall;United Kingdom
UK1865;UB6;Southall;United Kingdom
UK1866;CM0;Southminster;United Kingdom
UK1867;L20;Southport;United Kingdom
UK1868;L21;Southport;United Kingdom
UK1869;L22;Southport;United Kingdom
UK1870;L30;Southport;United Kingdom
UK1871;L37;Southport;United Kingdom
UK1872;L38;Southport;United Kingdom
UK1873;PR8;Southport;United Kingdom
UK1874;PR9;Southport;United Kingdom
UK1875;RH13;Southwater;United Kingdom
UK1876;NG25;Southwell;United Kingdom
UK1877;PO7;Southwick;United Kingdom
UK1878;IP18;Southwold;United Kingdom
UK1879;YO7;Sowerby;United Kingdom
UK1880;TA5;Spaxton;United Kingdom
UK1881;DL8;Spennithorne;United Kingdom
UK1882;DL16;Spennymoor;United Kingdom
UK1883;PE23;Spilsby;United Kingdom
UK1884;NN6;Spratton;United Kingdom
UK1885;IP8;Sproughton;United Kingdom
UK1886;TR5;St Agnes;United Kingdom
UK1887;AL1;St Albans;United Kingdom
UK1888;AL2;St Albans;United Kingdom
UK1891;PL25;St Austell;United Kingdom
UK1892;CA27;St Bees;United Kingdom
UK1893;PL24;St Blaise;United Kingdom
UK1894;PL27;St Breock;United Kingdom
UK1895;TR9;St Columb Major;United Kingdom
UK1896;BA5;St Cuthbert Out;United Kingdom
UK1897;PL29;St Endellion;United Kingdom
UK1898;TF2;St Georges and Priorslee;United Kingdom
UK1902;PE27;St Ives;United Kingdom
UK1903;TR26;St Ives;United Kingdom
UK1905;TR12;St Keverne;United Kingdom
UK1906;TN29;St Mary In The Marsh;United Kingdom
UK1907;PL26;St Mewan;United Kingdom
UK1908;PE19;St Neots;United Kingdom
UK1912;PL33;St Teath;United Kingdom
UK1914;ST16;Stafford;United Kingdom
UK1915;ST17;Stafford;United Kingdom
UK1916;TW15;Staines;United Kingdom
UK1917;TW16;Staines;United Kingdom
UK1918;TW17;Staines;United Kingdom
UK1919;TW18;Staines;United Kingdom
UK1920;TS8;Stainton;United Kingdom
UK1921;YO13;Stainton Dale;United Kingdom
UK1922;DN41;Stallingborough;United Kingdom
UK1923;PE9;Stamford;United Kingdom
UK1924;NE18;Stamfordham;United Kingdom
UK1925;SG11;Standon;United Kingdom
UK1926;DL13;Stanhope;United Kingdom
UK1927;DH9;Stanley;United Kingdom
UK1928;CM24;Stansted Mountfitchet;United Kingdom
UK1929;SN6;Stanton Fitzwarren;United Kingdom
UK1930;MK14;Stantonbury;United Kingdom
UK1931;RM4;Stapleford Abbotts;United Kingdom
UK1932;TA2;Staplegrove;United Kingdom
UK1933;S43;Staveley;United Kingdom
UK1934;TA7;Stawell;United Kingdom
UK1935;BD20;Steeton;United Kingdom
UK1936;SG1;Stevenage;United Kingdom
UK1937;SG2;Stevenage;United Kingdom
UK1939;BN44;Steyning;United Kingdom
UK1940;NE43;Stocksfield;United Kingdom
UK1941;BS34;Stoke Gifford;United Kingdom
UK1942;TA3;Stoke St Mary;United Kingdom
UK1943;DA9;Stone;United Kingdom
UK1944;ST15;Stone;United Kingdom
UK1946;GL10;Stonehouse;United Kingdom
UK1948;MK11;Stony Stratford;United Kingdom
UK1949;MK12;Stony Stratford;United Kingdom
UK1951;RH20;Storrington;United Kingdom
UK1952;DY13;Stourport-on-Severn;United Kingdom
UK1953;CB5;Stow cum Quy;United Kingdom
UK1954;IP14;Stowupland;United Kingdom
UK1956;E12;Stratford;United Kingdom
UK1957;E15;Stratford;United Kingdom
UK1958;E7;Stratford;United Kingdom
UK1959;CV37;Stratford-Upon-Avon;United Kingdom
UK1964;BA16;Street;United Kingdom
UK1966;ME2;Strood;United Kingdom
UK1967;GU32;Stroud;United Kingdom
UK1968;B80;Studley;United Kingdom
UK1969;DT10;Sturminster Newton;United Kingdom
UK1970;CO10;Sudbury;United Kingdom
UK1971;RG7;Sulhamstead;United Kingdom
UK1972;SL5;Sunninghill;United Kingdom
UK1973;KT4;Sutton;United Kingdom
UK1974;SM1;Sutton;United Kingdom
UK1975;SM2;Sutton;United Kingdom
UK1976;SM3;Sutton;United Kingdom
UK1977;SM5;Sutton;United Kingdom
UK1978;SM6;Sutton;United Kingdom
UK1979;NG15;Sutton in Ashfield;United Kingdom
UK1980;NG17;Sutton in Ashfield;United Kingdom
UK1981;TF9;Sutton upon Tern;United Kingdom
UK1982;DE11;Swadlincote;United Kingdom
UK1983;PE37;Swaffham;United Kingdom
UK1984;BH19;Swanage;United Kingdom
UK1985;BR8;Swanley;United Kingdom
UK1986;DA10;Swanscombe;United Kingdom
UK1987;NR20;Swanton Morley;United Kingdom
UK1988;DE73;Swarkestone;United Kingdom
UK1989;PE20;Swineshead;United Kingdom
UK1990;WS14;Swinfen and Packington;United Kingdom
UK1991;IP21;Syleham;United Kingdom
UK1992;OX15;Tadmarton;United Kingdom
UK1996;B77;Tamworth;United Kingdom
UK1997;B78;Tamworth;United Kingdom
UK1998;PE8;Tansor;United Kingdom
UK1999;B94;Tanworth-in-Arden;United Kingdom
UK2000;CW6;Tarporley;United Kingdom
UK2001;TA1;Taunton;United Kingdom
UK2002;NR8;Taverham;United Kingdom
UK2003;PL19;Tavistock;United Kingdom
UK2004;B38;Tees Grove;United Kingdom
UK2005;TQ14;Teignmouth;United Kingdom
UK2006;TF4;Telford;United Kingdom
UK2007;BA8;Templecombe;United Kingdom
UK2008;WR15;Tenbury;United Kingdom
UK2009;TN30;Tenterden;United Kingdom
UK2010;GL8;Tetbury;United Kingdom
UK2011;DN36;Tetney;United Kingdom
UK2012;OX9;Thame;United Kingdom
UK2013;RG19;Thatcham;United Kingdom
UK2014;TF8;The Gorge;United Kingdom
UK2015;PE28;The Stukeleys;United Kingdom
UK2016;IP24;Thetford;United Kingdom
UK2017;BD23;Thorlby;United Kingdom
UK2018;LU5;Thorn;United Kingdom
UK2019;TS17;Thornaby;United Kingdom
UK2020;DN8;Thorne;United Kingdom
UK2023;YO60;Thornton-le-Clay;United Kingdom
UK2024;GL6;Thrupp;United Kingdom
UK2026;DN11;Tickhill;United Kingdom
UK2029;GU28;Tillington;United Kingdom
UK2030;PL34;Tintagel;United Kingdom
UK2031;EX16;Tiverton;United Kingdom
UK2033;OL14;Todmorden;United Kingdom
UK2034;S26;Todwick;United Kingdom
UK2035;TN10;Tonbridge;United Kingdom
UK2036;TN11;Tonbridge;United Kingdom
UK2037;TN9;Tonbridge;United Kingdom
UK2040;TQ1;Torquay;United Kingdom
UK2041;TQ2;Torquay;United Kingdom
UK2042;TQ3;Torquay;United Kingdom
UK2043;TQ4;Torquay;United Kingdom
UK2044;PO39;Totland;United Kingdom
UK2045;TQ9;Totnes;United Kingdom
UK2046;N10;Tottenham;United Kingdom
UK2047;N15;Tottenham;United Kingdom
UK2048;N17;Tottenham;United Kingdom
UK2049;N22;Tottenham;United Kingdom
UK2050;N6;Tottenham;United Kingdom
UK2051;N8;Tottenham;United Kingdom
UK2052;SO40;Totton;United Kingdom
UK2053;NN12;Towcester;United Kingdom
UK2062;TR2;Tregoney;United Kingdom
UK2066;TS29;Trimdon;United Kingdom
UK2067;HP23;Tring;United Kingdom
UK2070;BA14;Trowbridge;United Kingdom
UK2072;TR1;Truro;United Kingdom
UK2073;IP28;Tuddenham;United Kingdom
UK2075;RG10;Twyford;United Kingdom
UK2076;TN22;Uckfield;United Kingdom
UK2077;DN39;Ulceby;United Kingdom
UK2078;LA12;Ulverston;United Kingdom
UK2079;DY12;Upper Arley;United Kingdom
UK2080;YO26;Upper Poppleton;United Kingdom
UK2081;BH16;Upton;United Kingdom
UK2082;CH2;Upton;United Kingdom
UK2083;M17;Urmston;United Kingdom
UK2084;M32;Urmston;United Kingdom
UK2085;M41;Urmston;United Kingdom
UK2086;ST14;Uttoxeter;United Kingdom
UK2088;PO38;Ventnor;United Kingdom
UK2089;BH31;Verwood;United Kingdom
UK2090;GU25;Virginia Water;United Kingdom
UK2091;LN5;Waddington;United Kingdom
UK2092;TN5;Wadhurst;United Kingdom
UK2093;M28;Walkden;United Kingdom
UK2094;M38;Walkden;United Kingdom
UK2096;CH44;Wallasey;United Kingdom
UK2097;CH45;Wallasey;United Kingdom
UK2098;OX10;Wallingford;United Kingdom
UK2099;NR22;Walsingham;United Kingdom
UK2100;EN9;Waltham Abbey;United Kingdom
UK2101;E10;Walthamstow;United Kingdom
UK2102;E11;Walthamstow;United Kingdom
UK2103;E17;Walthamstow;United Kingdom
UK2104;E4;Walthamstow;United Kingdom
UK2105;MK7;Walton;United Kingdom
UK2106;SW11;Wandsworth;United Kingdom
UK2107;SW12;Wandsworth;United Kingdom
UK2108;SW15;Wandsworth;United Kingdom
UK2109;SW17;Wandsworth;United Kingdom
UK2110;SW18;Wandsworth;United Kingdom
UK2111;NE22;Wansbeck;United Kingdom
UK2112;NE62;Wansbeck;United Kingdom
UK2113;NE63;Wansbeck;United Kingdom
UK2114;NE64;Wansbeck;United Kingdom
UK2115;OX12;Wantage;United Kingdom
UK2116;SG12;Ware;United Kingdom
UK2117;BH20;Wareham;United Kingdom
UK2118;RG42;Warfield;United Kingdom
UK2119;NN14;Warkton;United Kingdom
UK2120;NG20;Warsop;United Kingdom
UK2121;LA5;Warton;United Kingdom
UK2122;CV34;Warwick;United Kingdom
UK2123;NE37;Washington;United Kingdom
UK2124;NE38;Washington;United Kingdom
UK2125;CV35;Wasperton;United Kingdom
UK2126;WD1;Watford;United Kingdom
UK2127;WD17;Watford;United Kingdom
UK2128;WD18;Watford;United Kingdom
UK2129;WD24;Watford;United Kingdom
UK2130;WD25;Watford;United Kingdom
UK2131;WD19;Watford Rural;United Kingdom
UK2132;OX49;Watlington;United Kingdom
UK2133;CA7;Waverton;United Kingdom
UK2134;CH3;Waverton;United Kingdom
UK2135;BS26;Weare;United Kingdom
UK2136;CW8;Weaverham;United Kingdom
UK2137;BS28;Wedmore;United Kingdom
UK2138;WV10;Wednesfield;United Kingdom
UK2139;WV11;Wednesfield;United Kingdom
UK2140;WV14;Wednesfield;United Kingdom
UK2141;NN8;Wellingborough;United Kingdom
UK2142;TA21;Wellington;United Kingdom
UK2143;TF1;Wellington;United Kingdom
UK2144;TF5;Wellington;United Kingdom
UK2145;NR23;Wells-next-the-Sea;United Kingdom
UK2146;AL6;Welwyn;United Kingdom
UK2147;AL7;Welwyn Garden City;United Kingdom
UK2148;AL8;Welwyn Garden City;United Kingdom
UK2150;PE32;West Acre;United Kingdom
UK2151;NG2;West Bridgford;United Kingdom
UK2152;B43;West Bromwich;United Kingdom
UK2153;B64;West Bromwich;United Kingdom
UK2154;B65;West Bromwich;United Kingdom
UK2155;B66;West Bromwich;United Kingdom
UK2156;B67;West Bromwich;United Kingdom
UK2157;B68;West Bromwich;United Kingdom
UK2158;B69;West Bromwich;United Kingdom
UK2159;B70;West Bromwich;United Kingdom
UK2160;B71;West Bromwich;United Kingdom
UK2161;DY4;West Bromwich;United Kingdom
UK2162;WS10;West Bromwich;United Kingdom
UK2164;ME18;West Farleigh;United Kingdom
UK2166;ME19;West Malling;United Kingdom
UK2167;KT12;West Molesey;United Kingdom
UK2168;KT13;West Molesey;United Kingdom
UK2169;KT8;West Molesey;United Kingdom
UK2170;BA13;Westbury;United Kingdom
UK2171;BN24;Westham;United Kingdom
UK2173;BL5;Westhoughton;United Kingdom
UK2174;SW1;Westminster;United Kingdom
UK2175;SW1A;Westminster;United Kingdom
UK2176;SW1E;Westminster;United Kingdom
UK2177;SW1H;Westminster;United Kingdom
UK2178;SW1P;Westminster;United Kingdom
UK2179;SW1V;Westminster;United Kingdom
UK2180;SW1W;Westminster;United Kingdom
UK2181;SW1X;Westminster;United Kingdom
UK2182;SW1Y;Westminster;United Kingdom
UK2183;W1;Westminster;United Kingdom
UK2184;W1B;Westminster;United Kingdom
UK2185;W1C;Westminster;United Kingdom
UK2186;W1D;Westminster;United Kingdom
UK2187;W1F;Westminster;United Kingdom
UK2188;W1J;Westminster;United Kingdom
UK2189;W1K;Westminster;United Kingdom
UK2190;W1S;Westminster;United Kingdom
UK2191;WC2;Westminster;United Kingdom
UK2192;WC2B;Westminster;United Kingdom
UK2193;WC2E;Westminster;United Kingdom
UK2194;WC2N;Westminster;United Kingdom
UK2195;WC2R;Westminster;United Kingdom
UK2196;NR34;Weston;United Kingdom
UK2197;HP22;Weston Turville;United Kingdom
UK2198;BS22;Weston-Super-Mare;United Kingdom
UK2199;BS23;Weston-Super-Mare;United Kingdom
UK2200;CA4;Wetheral;United Kingdom
UK2201;LS22;Wetherby;United Kingdom
UK2202;DT3;Weymouth;United Kingdom
UK2203;DT4;Weymouth;United Kingdom
UK2205;YO19;Wheldrake;United Kingdom
UK2206;IP29;Whepstead;United Kingdom
UK2207;RG28;Whitchurch;United Kingdom
UK2208;SY13;Whitchurch Rural;United Kingdom
UK2209;RG8;Whitchurch-on-Thames;United Kingdom
UK2211;CA28;Whitehaven;United Kingdom
UK2212;CT15;Whitfield;United Kingdom
UK2213;LA6;Whittingham;United Kingdom
UK2214;CR3;Whyteleafe;United Kingdom
UK2215;CR6;Whyteleafe;United Kingdom
UK2216;WR10;Wick;United Kingdom
UK2217;SS11;Wickford;United Kingdom
UK2218;SS12;Wickford;United Kingdom
UK2219;PO17;Wickham;United Kingdom
UK2220;NE11;Wickham and Dunston;United Kingdom
UK2221;NE16;Wickham and Dunston;United Kingdom
UK2222;PE34;Wiggenhall St Germans;United Kingdom
UK2223;B79;Wigginton;United Kingdom
UK2224;MK44;Wilden;United Kingdom
UK2225;MK15;Willen;United Kingdom
UK2226;WS3;Willenhall;United Kingdom
UK2227;WV12;Willenhall;United Kingdom
UK2228;WV13;Willenhall;United Kingdom
UK2229;TA23;Williton;United Kingdom
UK2230;BA9;Wincanton;United Kingdom
UK2231;SO21;Winchester;United Kingdom
UK2232;SO22;Winchester;United Kingdom
UK2233;SO23;Winchester;United Kingdom
UK2234;LA23;Windermere;United Kingdom
UK2235;GU18;Windlesham;United Kingdom
UK2236;GU19;Windlesham;United Kingdom
UK2237;GU20;Windlesham;United Kingdom
UK2238;SL4;Windsor;United Kingdom
UK2239;S42;Wingerworth;United Kingdom
UK2240;CT3;Wingham;United Kingdom
UK2241;BS25;Winscombe;United Kingdom
UK2242;CW7;Winsford;United Kingdom
UK2243;DL6;Winton;United Kingdom
UK2244;PE13;Wisbech;United Kingdom
UK2245;RH14;Wisborough Green;United Kingdom
UK2248;CM8;Witham;United Kingdom
UK2249;HU19;Withernsea;United Kingdom
UK2250;GU8;Witley;United Kingdom
UK2251;OX28;Witney;United Kingdom
UK2252;GU21;Woking;United Kingdom
UK2253;GU22;Woking;United Kingdom
UK2254;RG45;Wokingham Without;United Kingdom
UK2255;NN29;Wollaston;United Kingdom
UK2256;WV5;Wombourne;United Kingdom
UK2257;GU5;Wonersh;United Kingdom
UK2258;SL8;Wooburn;United Kingdom
UK2259;CB8;Woodditton;United Kingdom
UK2260;LN10;Woodhall Spa;United Kingdom
UK2261;RG5;Woodley;United Kingdom
UK2262;OX20;Woodstock;United Kingdom
UK2263;TA24;Wootton Courtenay;United Kingdom
UK2264;WR8;Worcester;United Kingdom
UK2265;CA14;Workington;United Kingdom
UK2266;GU3;Worplesdon;United Kingdom
UK2267;IP22;Wortham;United Kingdom
UK2268;BN11;Worthing;United Kingdom
UK2269;BN12;Worthing;United Kingdom
UK2270;BN13;Worthing;United Kingdom
UK2271;BN14;Worthing;United Kingdom
UK2272;MK6;Woughton On The Green;United Kingdom
UK2273;TN15;Wrotham;United Kingdom
UK2274;SN4;Wroughton;United Kingdom
UK2275;TN25;Wye;United Kingdom
UK2276;NE41;Wylam;United Kingdom
UK2277;NR18;Wymondham;United Kingdom
UK2278;B47;Wythall;United Kingdom
UK2280;DL7;Yafforth;United Kingdom
UK2281;TN12;Yalding;United Kingdom
UK2282;PO41;Yarmouth;United Kingdom
UK2283;BS37;Yate;United Kingdom
UK2284;GU46;Yateley;United Kingdom
UK2285;BS49;Yatton;United Kingdom
UK2286;SN14;Yatton Keynell;United Kingdom
UK2287;PL8;Yealmpton;United Kingdom
UK2288;BA20;Yeovil;United Kingdom
UK2289;BA21;Yeovil;United Kingdom
UK32;GY5;ALBecq;United Kingdom
UK427;GY4;Carmel;United Kingdom
UK1278;GY6;L'Islet;United Kingdom
UK1467;GY8;Mouilpied;United Kingdom
UK1560;GY9;nr Mouilpied;United Kingdom
UK1731;GY7;Richmond;United Kingdom
UK1909;GY1;St Peter Port;United Kingdom
UK1910;GY2;St Sampson;United Kingdom
UK1911;GY3;St Sampson;United Kingdom
UK66;IM9;Arbory;United Kingdom
UK109;IM5;"Baldrine; Loman";United Kingdom
UK619;IM1;"Douglas; Braddan";United Kingdom
UK620;IM2;"Douglas; Braddan";United Kingdom
UK1200;IM6;Kirk Michael;United Kingdom
UK1571;IM3;Onchan;United Kingdom
UK1611;IM4;"Peel; German";United Kingdom
UK1704;IM8;Ramsay;United Kingdom
UK1904;IM7;"St Judes; Andreas";United Kingdom
UK1899;JE1;St Helier;United Kingdom
UK1900;JE2;St Helier;United Kingdom
UK1901;JE4;St Helier;United Kingdom
UK1913;JE3;St+F2813 Ouen;United Kingdom
UK113;BT54;Ballycastle;United Kingdom
UK121;BT19;Bangor;United Kingdom
UK122;BT20;Bangor;United Kingdom
UK367;BT57;Bushmills;United Kingdom
UK429;BT8;Carryduff;United Kingdom
UK614;BT21;Donaghadee;United Kingdom
UK627;BT30;Downpatrick;United Kingdom
UK644;BT16;Dundonald;United Kingdom
UK646;BT17;Dunmurry;United Kingdom
UK760;BT75;Fivemiletown;United Kingdom
UK1022;BT18;Holywood;United Kingdom
UK1336;BT48;Londonderry;United Kingdom
UK1356;BT66;Lurgan;United Kingdom
UK1443;BT41;Mill Town;United Kingdom
UK1499;BT33;Newcastle;United Kingdom
UK1662;BT62;Portadown;United Kingdom
UK1668;BT56;Portrush;United Kingdom
UK1669;BT55;Portstewart;United Kingdom
UK2210;BT37;Whiteabbey;United Kingdom
UK9;AB10;Aberdeen;United Kingdom
UK10;AB11;Aberdeen;United Kingdom
UK11;AB12;Aberdeen;United Kingdom
UK12;AB15;Aberdeen;United Kingdom
UK13;AB16;Aberdeen;United Kingdom
UK14;AB23;Aberdeen;United Kingdom
UK15;AB25;Aberdeen;United Kingdom
UK16;AB21;Aberdeen Airport;United Kingdom
UK20;AB38;Aberlour;United Kingdom
UK22;AB34;Aboyne;United Kingdom
UK29;ML6;Airdrie;United Kingdom
UK40;G83;Alexandria;United Kingdom
UK41;AB33;Alford;United Kingdom
UK47;FK10;Alloa;United Kingdom
UK49;IV17;Alness;United Kingdom
UK53;FK12;Alva;United Kingdom
UK62;DG12;Annan;United Kingdom
UK67;PA30;Ardrishaig;United Kingdom
UK68;KA21;Ardrossan;United Kingdom
UK69;KA22;Ardrossan;United Kingdom
UK70;PH39;Arisaig;United Kingdom
UK73;EH23;Arniston;United Kingdom
UK93;PH3;Auchterarder;United Kingdom
UK95;PH22;Aviemore;United Kingdom
UK96;IV9;Avoch;United Kingdom
UK101;KA7;Ayr;United Kingdom
UK102;KA8;Ayr;United Kingdom
UK103;KA9;Ayr;United Kingdom
UK110;AB35;Ballatar;United Kingdom
UK111;AB37;Ballindalloch;United Kingdom
UK112;G68;Balloch;United Kingdom
UK114;PA45;Ballygrant;United Kingdom
UK119;AB31;Banchory;United Kingdom
UK120;AB45;Banff;United Kingdom
UK160;EH48;Bathgate;United Kingdom
UK170;KA15;Beith;United Kingdom
UK177;TD15;Berwick-upon-Tweed;United Kingdom
UK208;G64;Bishopbriggs;United Kingdom
UK214;PA7;Bishopton;United Kingdom
UK218;PH4;Blackford;United Kingdom
UK219;PA44;Blackrock;United Kingdom
UK235;PH24;Boat Of Garten;United Kingdom
UK240;EH18;Bonnyrigg and Lasswade;United Kingdom
UK241;EH19;Bonnyrigg and Lasswade;United Kingdom
UK250;PA43;Bowmore;United Kingdom
UK274;FK9;Bridge Of Allan;United Kingdom
UK275;AB22;Bridge Of Don;United Kingdom
UK276;PA36;Bridge of Orchy;United Kingdom
UK322;KW9;Brora;United Kingdom
UK331;EH52;Broxburn;United Kingdom
UK342;PA67;Bunessan;United Kingdom
UK354;KY3;Burntisland;United Kingdom
UK375;PA26;Cairndow;United Kingdom
UK377;FK17;Callander;United Kingdom
UK392;G73;Cambuslang;United Kingdom
UK425;ML8;Carluke;United Kingdom
UK428;DD7;Carnoustie;United Kingdom
UK491;G60;Clydebank;United Kingdom
UK492;G81;Clydebank;United Kingdom
UK494;ML5;Coatbridge;United Kingdom
UK496;TD13;Cockburnspath;United Kingdom
UK497;EH32;Cockenzie and Port Seton;United Kingdom
UK513;PH6;Comrie;United Kingdom
UK521;TD12;Cornhill-on-Tweed;United Kingdom
UK546;PH7;Crieff;United Kingdom
UK549;IV11;Cromarty;United Kingdom
UK552;PA77;Crossapol;United Kingdom
UK565;G67;Cumbernauld;United Kingdom
UK566;KA18;Cumnock;United Kingdom
UK571;DG5;Dalbeattie;United Kingdom
UK572;EH22;Dalkeith;United Kingdom
UK573;KA24;Dalry;United Kingdom
UK578;PH19;Dalwhinnie;United Kingdom
UK584;KA17;Darvel;United Kingdom
UK594;FK4;Dennyloanhead;United Kingdom
UK606;IV15;Dingwall;United Kingdom
UK621;FK16;Doune;United Kingdom
UK636;G82;Dumbarton;United Kingdom
UK639;DD1;Dundee;United Kingdom
UK640;DD2;Dundee;United Kingdom
UK641;DD3;Dundee;United Kingdom
UK642;DD4;Dundee;United Kingdom
UK643;DD5;Dundee;United Kingdom
UK645;KY12;Dunfermline;United Kingdom
UK660;TD4;Earlston;United Kingdom
UK668;G74;East Kilbride;United Kingdom
UK680;EH1;Edinburgh;United Kingdom
UK681;EH10;Edinburgh;United Kingdom
UK682;EH12;Edinburgh;United Kingdom
UK683;EH15;Edinburgh;United Kingdom
UK684;EH16;Edinburgh;United Kingdom
UK685;EH17;Edinburgh;United Kingdom
UK686;EH2;Edinburgh;United Kingdom
UK687;EH3;Edinburgh;United Kingdom
UK688;EH4;Edinburgh;United Kingdom
UK689;EH5;Edinburgh;United Kingdom
UK690;EH6;Edinburgh;United Kingdom
UK691;EH7;Edinburgh;United Kingdom
UK692;EH9;Edinburgh;United Kingdom
UK698;IV30;Elgin;United Kingdom
UK706;AB41;Ellon;United Kingdom
UK731;IV16;Evanton;United Kingdom
UK742;KA29;Fairlie;United Kingdom
UK755;IV46;Ferrindonald;United Kingdom
UK772;IV36;Forres;United Kingdom
UK774;PH32;Fort Augustus;United Kingdom
UK775;PH33;Fort William;United Kingdom
UK779;AB43;Fraserburgh;United Kingdom
UK789;IV21;Gairloch;United Kingdom
UK790;TD1;Galashiels;United Kingdom
UK791;KA4;Galston;United Kingdom
UK797;KA2;Gatehead;United Kingdom
UK806;G1;Glasgow;United Kingdom
UK807;G11;Glasgow;United Kingdom
UK808;G12;Glasgow;United Kingdom
UK809;G13;Glasgow;United Kingdom
UK810;G14;Glasgow;United Kingdom
UK811;G15;Glasgow;United Kingdom
UK812;G2;Glasgow;United Kingdom
UK813;G20;Glasgow;United Kingdom
UK814;G21;Glasgow;United Kingdom
UK815;G22;Glasgow;United Kingdom
UK816;G23;Glasgow;United Kingdom
UK817;G3;Glasgow;United Kingdom
UK818;G31;Glasgow;United Kingdom
UK819;G32;Glasgow;United Kingdom
UK820;G33;Glasgow;United Kingdom
UK821;G34;Glasgow;United Kingdom
UK822;G4;Glasgow;United Kingdom
UK823;G40;Glasgow;United Kingdom
UK824;G41;Glasgow;United Kingdom
UK825;G42;Glasgow;United Kingdom
UK826;G43;Glasgow;United Kingdom
UK827;G44;Glasgow;United Kingdom
UK828;G45;Glasgow;United Kingdom
UK829;G5;Glasgow;United Kingdom
UK830;G51;Glasgow;United Kingdom
UK831;G52;Glasgow;United Kingdom
UK832;G53;Glasgow;United Kingdom
UK833;G69;Glasgow;United Kingdom
UK835;PH49;Glencoe;United Kingdom
UK836;KA14;Glengarnock;United Kingdom
UK837;KY6;Glenrothes;United Kingdom
UK838;KY7;Glenrothes;United Kingdom
UK846;KW10;Golspie;United Kingdom
UK848;KW17;Gorseness;United Kingdom
UK853;FK3;Grangemouth;United Kingdom
UK855;EH51;Grangepans;United Kingdom
UK858;PH26;Grantown-on-Spey;United Kingdom
UK876;TD10;Greenlaw;United Kingdom
UK877;PA14;Greenock;United Kingdom
UK878;PA15;Greenock;United Kingdom
UK879;PA16;Greenock;United Kingdom
UK880;PA19;Greenock;United Kingdom
UK886;DG16;Gretna;United Kingdom
UK897;EH31;Gullane;United Kingdom
UK914;KW12;Halkirk;United Kingdom
UK918;ML3;Hamilton;United Kingdom
UK970;G84;Helensburgh;United Kingdom
UK1026;FK2;Hope St;United Kingdom
UK1048;PA9;Howwood;United Kingdom
UK1071;AB54;Huntly;United Kingdom
UK1099;AB52;Insch;United Kingdom
UK1100;IV18;Invergordon;United Kingdom
UK1101;IV1;Inverness;United Kingdom
UK1102;IV3;Inverness;United Kingdom
UK1103;AB51;Inverurie;United Kingdom
UK1111;KA11;Irvine;United Kingdom
UK1112;KA12;Irvine;United Kingdom
UK1113;PH44;Isle Of Canna;United Kingdom
UK1114;PH42;Isle Of Eigg;United Kingdom
UK1115;PH43;Isle Of Rum;United Kingdom
UK1136;TD8;Jedburgh;United Kingdom
UK1138;PA5;Johnstone;United Kingdom
UK1139;EH11;Juniper Green;United Kingdom
UK1140;EH13;Juniper Green;United Kingdom
UK1141;EH14;Juniper Green;United Kingdom
UK1158;PH36;Kentra;United Kingdom
UK1171;PA10;Kilbarchan;United Kingdom
UK1172;KA25;Kilbirnie;United Kingdom
UK1174;KY9;Kilconquhar;United Kingdom
UK1175;G63;Killearn;United Kingdom
UK1176;PH17;Killichonan;United Kingdom
UK1177;FK21;Killin;United Kingdom
UK1178;PA13;Kilmacolm;United Kingdom
UK1179;KA1;Kilmarnock;United Kingdom
UK1181;G65;Kilsyth;United Kingdom
UK1182;KA13;Kilwinning;United Kingdom
UK1197;PH50;Kinlochleven;United Kingdom
UK1198;KY13;Kinross;United Kingdom
UK1206;KY1;Kirkcaldy;United Kingdom
UK1207;KY2;Kirkcaldy;United Kingdom
UK1208;DG6;Kirkcudbright;United Kingdom
UK1209;G66;Kirkintilloch;United Kingdom
UK1212;EH29;Kirkliston;United Kingdom
UK1213;EH27;Kirknewton;United Kingdom
UK1214;DD11;Kirkton;United Kingdom
UK1215;KW15;Kirkwall;United Kingdom
UK1220;IV41;Kyleakin;United Kingdom
UK1237;KA30;Largs;United Kingdom
UK1238;ML9;Larkhall;United Kingdom
UK1239;AB30;Laurencekirk;United Kingdom
UK1254;KY8;Leven;United Kingdom
UK1255;HS5;Leverburgh;United Kingdom
UK1265;IV63;Lewiston;United Kingdom
UK1274;EH49;Linlithgow;United Kingdom
UK1285;EH53;Livingston;United Kingdom
UK1286;EH54;Livingston;United Kingdom
UK1328;EH20;Loanhead;United Kingdom
UK1329;PA64;Lochdon;United Kingdom
UK1330;PA24;Lochgoilhead;United Kingdom
UK1331;PA12;Lochwinnoch;United Kingdom
UK1344;IV31;Lossiemouth;United Kingdom
UK1357;KW3;Lybster;United Kingdom
UK1371;AB44;Macduff;United Kingdom
UK1380;PH41;Mallaig;United Kingdom
UK1421;KA5;Mauchline;United Kingdom
UK1429;FK11;Menstrie;United Kingdom
UK1445;KA28;Millport;United Kingdom
UK1446;AB13;Milltimber;United Kingdom
UK1447;G61;Milngavie;United Kingdom
UK1448;G62;Milngavie;United Kingdom
UK1464;IV32;Mosstodloch;United Kingdom
UK1465;ML1;Motherwell;United Kingdom
UK1466;ML4;Motherwell;United Kingdom
UK1471;IV6;Muir Of Ord;United Kingdom
UK1474;EH21;Musselburgh;United Kingdom
UK1476;PH5;Muthill;United Kingdom
UK1479;IV12;Nairn;United Kingdom
UK1485;PH25;Nethy Bridge;United Kingdom
UK1488;ML11;New Lanark;United Kingdom
UK1505;KA16;Newmilns;United Kingdom
UK1516;G77;Newton Mearns;United Kingdom
UK1518;TD6;Newtown St Boswells;United Kingdom
UK1522;EH39;North Berwick;United Kingdom
UK1573;EH35;Ormiston;United Kingdom
UK1602;PA1;Paisley;United Kingdom
UK1603;PA2;Paisley;United Kingdom
UK1604;PA3;Paisley;United Kingdom
UK1610;EH45;Peebles;United Kingdom
UK1625;EH34;Pencaitland;United Kingdom
UK1628;EH26;Penicuik;United Kingdom
UK1641;AB14;Peterculter;United Kingdom
UK1642;AB42;Peterhead;United Kingdom
UK1647;IV52;Plockton;United Kingdom
UK1658;PA46;Port Askaig;United Kingdom
UK1659;PA48;Port Charlotte;United Kingdom
UK1660;PA42;Port Ellen;United Kingdom
UK1661;PA23;Port Riddell;United Kingdom
UK1667;PA47;Portnahaven;United Kingdom
UK1698;EH30;Queensferry;United Kingdom
UK1707;PA11;Ranfurly;United Kingdom
UK1725;PA4;Renfrew;United Kingdom
UK1751;IV28;Rogart;United Kingdom
UK1763;EH25;Roslin;United Kingdom
UK1766;PA20;Rothesay;United Kingdom
UK1782;IV44;Saasaig;United Kingdom
UK1804;PA61;Scalasaig;United Kingdom
UK1844;PA17;Skelmorlie;United Kingdom
UK1855;ZE1;Sound;United Kingdom
UK1938;KA20;Stevenston;United Kingdom
UK1945;AB39;Stonehaven;United Kingdom
UK1947;FK6;Stoneywood;United Kingdom
UK1950;HS1;Stornoway;United Kingdom
UK1955;PA27;Strachur;United Kingdom
UK1960;ML10;Strathaven;United Kingdom
UK1961;AB36;Strathdon;United Kingdom
UK1962;IV14;Strathpeffer;United Kingdom
UK1963;FK18;Strathyre;United Kingdom
UK1965;KW16;Stromness;United Kingdom
UK1993;IV19;Tain;United Kingdom
UK2021;G46;Thornliebank;United Kingdom
UK2022;G76;Thornliebank;United Kingdom
UK2025;KW14;Thurso;United Kingdom
UK2027;PA21;Tighnabruaich;United Kingdom
UK2028;FK13;Tillicoultry;United Kingdom
UK2032;ZE3;Toab;United Kingdom
UK2057;EH33;Tranent;United Kingdom
UK2069;KA10;Troon;United Kingdom
UK2074;AB53;Turriff;United Kingdom
UK2095;EH43;Walkerburn;United Kingdom
UK2149;PA18;Wemyss Bay;United Kingdom
UK2163;EH55;West Calder;United Kingdom
UK2165;KA23;West Kilbride;United Kingdom
UK2172;AB32;Westhill;United Kingdom
UK2204;KW2;Whaligoe;United Kingdom
UK2246;ML2;Wishaw;United Kingdom
UK5;LL13;Abenbury;United Kingdom
UK6;SA46;Aberaeron;United Kingdom
UK7;NP11;Abercarn;United Kingdom
UK8;CF44;Aberdare;United Kingdom
UK17;LL35;Aberdovey;United Kingdom
UK18;LL63;Aberffraw;United Kingdom
UK19;NP7;Abergavenny;United Kingdom
UK21;NP13;Abertillery;United Kingdom
UK25;CF24;Adamsdown;United Kingdom
UK48;NP20;Allt-yr-yn;United Kingdom
UK55;NP19;Alway;United Kingdom
UK59;LL68;Amlwch;United Kingdom
UK74;LL38;Arthog;United Kingdom
UK75;LL39;Arthog;United Kingdom
UK105;SA12;Baglan;United Kingdom
UK108;LL23;Bala;United Kingdom
UK124;CF81;Bargoed;United Kingdom
UK133;LL42;Barmouth;United Kingdom
UK147;CF62;Barry;United Kingdom
UK148;CF63;Barry;United Kingdom
UK164;LL58;Beaumaris;United Kingdom
UK178;SA18;Betws;United Kingdom
UK179;LL22;Betws-yn-Rhos;United Kingdom
UK213;SA3;Bishopston;United Kingdom
UK221;NP12;Blackwood;United Kingdom
UK222;SA10;Blaenhonddan;United Kingdom
UK237;LL62;Bodorgan;United Kingdom
UK239;SA37;Boncath;United Kingdom
UK302;LL40;Brithdir;United Kingdom
UK303;LL24;Bro Machno;United Kingdom
UK325;LL11;Broughton;United Kingdom
UK335;SA13;Bryn;United Kingdom
UK336;LL36;Bryncrug;United Kingdom
UK337;LL53;Buan;United Kingdom
UK368;CF10;Butetown;United Kingdom
UK373;NP18;Caerleon;United Kingdom
UK374;SY17;Caersws;United Kingdom
UK426;SA31;Carmarthen;United Kingdom
UK432;SY21;Castle Caereinion;United Kingdom
UK439;SA16;Cefn Sidan;United Kingdom
UK490;SA35;Clydau;United Kingdom
UK525;LL21;Corwen;United Kingdom
UK532;CF71;Cowbridge;United Kingdom
UK545;LL52;Criccieth;United Kingdom
UK561;SA36;Crymych;United Kingdom
UK567;LL59;Cwm Cadnant;United Kingdom
UK568;NP44;Cwmbran;United Kingdom
UK569;CF39;Cymmer;United Kingdom
UK570;CF33;Cynffig;United Kingdom
UK590;LL31;Deganwy;United Kingdom
UK591;LL16;Denbigh;United Kingdom
UK612;LL51;Dolbenmaen;United Kingdom
UK613;LL25;Dolwyddelan;United Kingdom
UK634;LD2;Duhonw;United Kingdom
UK653;LL43;Dyffryn Ardudwy;United Kingdom
UK654;LL44;Dyffryn Ardudwy;United Kingdom
UK674;NP23;Ebbw Vale;United Kingdom
UK695;SA41;Eglwyswrw;United Kingdom
UK713;CF5;Ely;United Kingdom
UK753;CF43;Ferndale;United Kingdom
UK757;LL41;Ffestiniog;United Kingdom
UK758;SA65;Fishguard;United Kingdom
UK796;CF32;Garw Valley;United Kingdom
UK798;CF82;Gelligaer;United Kingdom
UK799;SY24;Geneur Glyn;United Kingdom
UK805;SY20;Glantwymyn;United Kingdom
UK847;SA4;Gorseinon;United Kingdom
UK852;NP10;Graig;United Kingdom
UK856;CF11;Grangetown;United Kingdom
UK885;LL12;Gresford;United Kingdom
UK898;NP15;Gwehelog Fawr;United Kingdom
UK929;LL46;Harlech;United Kingdom
UK956;SA61;Haverfordwest;United Kingdom
UK981;LL32;Henryd;United Kingdom
UK1137;SA68;Jeffreyston;United Kingdom
UK1170;SA17;Kidwelly;United Kingdom
UK1218;LD7;Knighton;United Kingdom
UK1234;SA1;Landore;United Kingdom
UK1287;SA47;Llanarth;United Kingdom
UK1288;LL67;Llanbadrig;United Kingdom
UK1289;LL45;Llanbedr;United Kingdom
UK1290;SY19;Llanbrynmair;United Kingdom
UK1291;LD3;Llanddew;United Kingdom
UK1292;SA20;Llandovery;United Kingdom
UK1293;LD1;Llandrindod Wells;United Kingdom
UK1294;LL30;Llandudno;United Kingdom
UK1295;LL57;Llandygai;United Kingdom
UK1296;SA32;Llanegwad;United Kingdom
UK1297;SA15;Llanelli Rural;United Kingdom
UK1298;LL73;Llaneugrad;United Kingdom
UK1299;LL33;Llanfairfechan;United Kingdom
UK1300;LL74;Llanfair-Mathafarn-Eithaf;United Kingdom
UK1301;LL76;Llanfair-Mathafarn-Eithaf;United Kingdom
UK1302;LL78;Llanfair-Mathafarn-Eithaf;United Kingdom
UK1303;SA34;Llanfallteg;United Kingdom
UK1304;SY23;Llanfarian;United Kingdom
UK1305;LL60;Llanfihangel Ysgeifiog;United Kingdom
UK1306;SA39;Llanfihangel-Ar-Arth;United Kingdom
UK1307;LD4;Llangamarch;United Kingdom
UK1308;NP8;Llangattock;United Kingdom
UK1309;LL77;Llangefni;United Kingdom
UK1310;LL37;Llangelynin;United Kingdom
UK1311;SA43;Llangoedmor;United Kingdom
UK1312;LL20;Llangollen;United Kingdom
UK1313;SA48;Llangybi;United Kingdom
UK1314;CF72;Llanharan;United Kingdom
UK1315;LL61;Llanidan;United Kingdom
UK1316;SY18;Llanidloes;United Kingdom
UK1317;SY16;Llanllwchaiarn;United Kingdom
UK1318;LL54;Llanllyfni;United Kingdom
UK1319;LL71;Llannerch-Y-Medd;United Kingdom
UK1320;SA14;Llannon;United Kingdom
UK1321;LL55;Llanrug;United Kingdom
UK1322;LL26;Llanrwst;United Kingdom
UK1323;SA7;Llansamlet;United Kingdom
UK1324;SY22;Llansantffraid;United Kingdom
UK1325;CF38;Llantwit Fardre;United Kingdom
UK1326;CF61;Llantwit Major;United Kingdom
UK1327;SA40;Llanwenog;United Kingdom
UK1373;SA66;Maenclochog;United Kingdom
UK1374;CF34;Maesteg;United Kingdom
UK1424;SA33;Meidrim;United Kingdom
UK1442;SA73;Milford Haven;United Kingdom
UK1452;LL28;Mochdre;United Kingdom
UK1453;LL70;Moelfre;United Kingdom
UK1454;LL72;Moelfre;United Kingdom
UK1457;NP25;Monmouth;United Kingdom
UK1459;SY15;Montgomery;United Kingdom
UK1462;SA6;Morriston;United Kingdom
UK1481;SA67;Narberth;United Kingdom
UK1491;SA45;New Quay;United Kingdom
UK1493;NP24;New Tredegar;United Kingdom
UK1500;SA38;Newcastle Emlyn;United Kingdom
UK1510;SA42;Newport;United Kingdom
UK1519;SA62;Nolton;United Kingdom
UK1567;LL29;Old Colwyn;United Kingdom
UK1620;SA71;Pembroke;United Kingdom
UK1621;SA72;Pembroke Dock;United Kingdom
UK1622;SA70;Penally;United Kingdom
UK1623;CF64;Penarth;United Kingdom
UK1624;SA64;Pencaer;United Kingdom
UK1626;CF35;Pencoed;United Kingdom
UK1627;SA5;Penderry;United Kingdom
UK1630;LL34;Penmaenmawr;United Kingdom
UK1631;CF45;Penrhiwceiber;United Kingdom
UK1632;LL48;Penrhyndeudraeth;United Kingdom
UK1634;LL75;Pentraeth;United Kingdom
UK1635;CF23;Pentwyn;United Kingdom
UK1636;CF15;Pentyrch;United Kingdom
UK1637;LL69;Penysarn;United Kingdom
UK1650;SA8;Pontardawe;United Kingdom
UK1652;CF37;Pontypridd;United Kingdom
UK1664;CF36;Porthcawl;United Kingdom
UK1665;LL49;Porthmadog;United Kingdom
UK1674;LL19;Prestatyn;United Kingdom
UK1676;LD8;Presteigne;United Kingdom
UK1726;LD6;Rhayader;United Kingdom
UK1727;CF14;Rhiwbina;United Kingdom
UK1728;LL64;Rhosneigr;United Kingdom
UK1729;LL66;Rhosybol;United Kingdom
UK1730;LL18;Rhyl;United Kingdom
UK1752;NP26;Rogiet;United Kingdom
UK1774;LL14;Ruabon;United Kingdom
UK1781;LL15;Ruthin;United Kingdom
UK1801;SA69;Saundersfoot;United Kingdom
UK1846;SA2;Sketty;United Kingdom
UK1889;NP16;St Arvans;United Kingdom
UK1890;LL17;St Asaph;United Kingdom
UK1994;SA19;Talley;United Kingdom
UK1995;LL47;Talsarnau;United Kingdom
UK2038;SA11;Tonna;United Kingdom
UK2039;CF40;Tonypandy;United Kingdom
UK2055;CF47;Town;United Kingdom
UK2056;CF48;Town;United Kingdom
UK2058;NP22;Tredegar;United Kingdom
UK2059;LD5;Treflys;United Kingdom
UK2060;LL27;Trefriw;United Kingdom
UK2061;SY25;Tregaron;United Kingdom
UK2063;CF46;Treharris;United Kingdom
UK2064;CF42;Treorchy;United Kingdom
UK2065;NP4;Trevethin;United Kingdom
UK2068;SA44;Troedyraur;United Kingdom
UK2071;CF3;Trowbridge;United Kingdom
UK2087;LL65;Valley;United Kingdom
UK2247;SA63;Wiston;United Kingdom
UK2279;LL56;Y Felinheli;United Kingdom
UK2290;CF41;Ystrad;United Kingdom
UK2291;SA9;Ystradgynlais;United Kingdom
